detection_index,frame_count,start_sample_2m,preamble_end_sample_2m,estimated_packet_end_sample_2m,header_ok,crc_valid,decoded_frame_hex,decoded_payload_len,grlora_snr_db,cfo_hz,sto,sfo,netid1,netid2,samples_per_symbol
0,1,4099914,5427018,9621322,1,1,40 44 33 22 11 00 01 00 58 00 00 B9 88 3A 2D 11 8A A8 70 66 A9 9F 80 48 26 E7 52 29 AF 78 56 34 12,33,-4.5940775871276855,-128.70838928222656,1803.3702392578125,-0.032988619059324265,8,16,65536
1,2,28126461,29453565,33647869,1,1,40 44 33 22 11 00 01 00 58 02 00 5C D6 73 D9 2B 85 3A C5 61 23 BC 76 BF 47 47 3C F8 F4 78 56 34 12,33,-5.720512390136719,-128.93377685546875,2599.2490234375,-0.033046383410692215,7,15,65536
2,3,40130675,41457779,45652083,1,1,40 44 33 22 11 00 01 00 58 03 00 5C B3 BD D7 AE 69 BF 3B 14 5B EF D6 BD B9 7C 37 85 37 78 56 34 12,33,-1.8568798303604126,-128.87945556640625,331.9281005859375,-0.03303246200084686,7,15,65536
3,4,52134755,53461859,57656163,1,1,40 44 33 22 11 00 01 00 58 04 00 31 63 43 64 6B 6F A4 4C 91 C2 D7 8B 3A AC 4A F4 C5 5B 78 56 34 12,33,-0.6058232188224792,-128.8616485595703,339.97064208984375,-0.03302789852023125,7,15,65536
4,5,64138514,65465618,69659922,1,1,40 44 33 22 11 00 01 00 58 05 00 69 6C 1C DF 73 2C 76 FB D4 0D 64 A2 41 46 90 82 74 C9 78 56 34 12,33,-1.4996066093444824,-128.72189331054688,360.20806884765625,-0.032992079854011536,7,15,65536
5,6,76142471,77469575,81663879,1,1,40 44 33 22 11 00 01 00 58 06 00 50 B7 04 E1 AE AE 8C 5D 1C 65 E0 40 AE C1 24 CE 72 A4 78 56 34 12,33,-1.4743632078170776,-128.7967071533203,347.9142150878906,-0.03301125392317772,7,15,65536
6,7,88145768,89472872,93667176,1,1,40 44 33 22 11 00 01 00 58 07 00 3D 9B 8E 75 34 6B 7D DE 1E F9 48 3E 61 6E 43 6D B6 72 78 56 34 12,33,-1.459572672843933,-128.76316833496094,389.0158386230469,-0.03300265595316887,7,15,65536
7,8,100148783,101475887,105670191,1,1,40 44 33 22 11 00 01 00 58 08 00 38 7B D1 89 7A 18 8B B8 7F BB 6D 67 91 40 8F 03 A5 9D 78 56 34 12,33,-1.7576251029968262,-128.7313995361328,405.6183166503906,-0.03299451619386673,8,16,65536
8,9,112154061,113481165,117675469,1,1,40 44 33 22 11 00 01 00 58 09 00 62 A2 1D DB 0B 62 AF 52 01 BC 88 42 AA 1F D8 A1 2E CE 78 56 34 12,33,-1.4695385694503784,-128.6538848876953,264.7897644042969,-0.03297464922070503,7,15,65536
9,10,124157532,125484636,129678940,1,1,40 44 33 22 11 00 01 00 58 0A 00 5D 6C 2C 7E 06 8C A5 1D 13 C6 9F C2 16 4B 05 58 45 67 78 56 34 12,33,-1.9270089864730835,-128.53689575195312,377.9814147949219,-0.03294466435909271,7,15,65536
10,11,136160321,137487425,141681729,1,1,40 44 33 22 11 00 01 00 58 0B 00 95 C7 C5 3A 1F 37 68 25 72 C2 4A 55 0F 65 31 6B 24 DE 78 56 34 12,33,-1.950516700744629,-128.50990295410156,420.7815246582031,-0.03293774276971817,7,15,65536
11,12,148164287,149491391,153685695,1,1,40 44 33 22 11 00 01 00 58 0C 00 58 33 32 20 52 22 36 72 83 E3 C5 9D 70 A2 26 6E 54 F2 78 56 34 12,33,-2.043355941772461,-129.3915557861328,346.0766906738281,-0.03316371515393257,8,16,65536
12,13,160167558,161494662,165688966,1,1,40 44 33 22 11 00 01 00 58 0D 00 24 92 6A 43 3D BC 1B 41 38 B9 D5 1C 90 96 13 8A B3 84 78 56 34 12,33,-1.7025498151779175,-128.3804931640625,389.6925354003906,-0.032904576510190964,8,16,65536
13,14,172172222,173499326,177693630,1,1,40 44 33 22 11 00 01 00 58 0E 00 7D 76 4E 04 65 EE D3 DB 17 CE A1 BD B3 75 4C 77 45 B4 78 56 34 12,33,-1.7031108140945435,-129.34475708007812,302.2402038574219,-0.03315172344446182,8,16,65536
14,15,184176477,185503581,189697885,1,1,40 44 33 22 11 00 01 00 58 0F 00 69 15 FC 9E A6 D7 37 95 6B D9 95 AB 34 38 27 23 7A F1 78 56 34 12,33,-1.6720691919326782,-128.33187866210938,328.4502258300781,-0.03289211541414261,8,16,65536
15,16,196180066,197507170,201701474,1,1,40 44 33 22 11 00 01 00 58 10 00 E2 A5 15 36 79 4B BE 1D 06 A7 04 B0 F4 2A 2D 12 9A 27 78 56 34 12,33,-2.0733284950256348,-129.3634490966797,369.214599609375,-0.033156510442495346,8,16,65536
16,17,208182831,209509935,213704239,1,1,40 44 33 22 11 00 01 00 58 11 00 F4 0A D3 C6 BA 1C 52 0C CF C8 B1 3E 5A 7F 01 F7 D3 F9 78 56 34 12,33,-1.855231761932373,-128.39451599121094,421.41766357421875,-0.03290816769003868,8,16,65536
17,18,220186753,221513857,225708161,1,1,40 44 33 22 11 00 01 00 58 12 00 AF 35 AD 06 08 27 8F D9 F5 F3 42 86 02 24 22 0D 2A 17 78 56 34 12,33,-1.9332013130187988,-128.38351440429688,348.39935302734375,-0.032905351370573044,8,16,65536
18,19,232190679,233517783,237712087,1,1,40 44 33 22 11 00 01 00 58 13 00 15 12 1F 59 50 93 A8 A7 35 F2 D3 00 31 3F 7D 4D CE DC 78 56 34 12,33,-1.8277759552001953,-129.34368896484375,348.0914611816406,-0.033151447772979736,8,16,65536
19,20,244195529,245522633,249716937,1,1,40 44 33 22 11 00 01 00 58 14 00 60 FD BD B8 EF C4 A9 81 F4 95 4B 8F 6D 39 8C F0 5C 78 78 56 34 12,33,-2.3700692653656006,-129.34617614746094,291.012451171875,-0.03315208479762077,8,16,65536
20,21,256198279,257525383,261719687,1,1,40 44 33 22 11 00 01 00 58 15 00 BA AF 12 DC EB 44 44 B2 5D 9B DE F5 78 90 2F 6A FC D7 78 56 34 12,33,-1.8129925727844238,-128.2945098876953,423.2051086425781,-0.03288253769278526,7,15,65536
21,22,268202799,269529903,273724207,1,1,40 44 33 22 11 00 01 00 58 16 00 F0 89 E8 B6 A2 58 97 A8 45 F2 8B 62 50 33 4D 30 F6 FB 78 56 34 12,33,-2.083909749984741,-128.24624633789062,311.758544921875,-0.03287016972899437,8,16,65536
22,23,280206727,281533831,285728135,1,1,40 44 33 22 11 00 01 00 58 17 00 6C 06 BB 34 49 C8 A7 EB D4 BD 14 75 AF 5A 77 87 3D 18 78 56 34 12,33,-3.7089407444000244,-128.25006103515625,349.3117980957031,-0.032871145755052567,7,15,65536
23,24,292210835,293537939,297732243,1,1,40 44 33 22 11 00 01 00 58 18 00 2D 49 F1 6A 2F F3 D8 2A 6A 9A 1A 76 EB B4 DB 4D 90 A2 78 56 34 12,33,-1.7080726623535156,-128.2469940185547,337.60845947265625,-0.03287035971879959,8,16,65536
24,25,304214899,305542003,309736307,1,1,40 44 33 22 11 00 01 00 58 19 00 73 76 3A 4D 68 C1 FC AD A4 5A 0F 69 73 F3 F4 B9 23 B5 78 56 34 12,33,-1.7759367227554321,-128.17572021484375,339.67071533203125,-0.032852090895175934,8,16,65536
25,26,316217170,317544274,321738578,1,1,40 44 33 22 11 00 01 00 58 1A 00 57 97 D8 89 7C 3C 79 17 D8 8E 5E AC 25 AC 24 BF 7B BB 78 56 34 12,33,-1.7734328508377075,-128.0283966064453,451.80169677734375,-0.032814331352710724,8,16,65536
26,27,328222111,329549215,333743519,1,1,40 44 33 22 11 00 01 00 58 1B 00 CC 4E FE 49 39 69 2F FB 2C B0 B6 BC 29 0A EC 2D 7B C7 78 56 34 12,33,-1.5273505449295044,-127.98945617675781,286.03497314453125,-0.032804351300001144,7,15,65536
27,28,340225233,341552337,345746641,1,1,40 44 33 22 11 00 01 00 58 1C 00 45 28 F9 6F 7F 79 6B EC 6B 08 AA D0 98 D6 0D E5 BF 1B 78 56 34 12,33,-1.537676453590393,-128.00482177734375,400.04974365234375,-0.03280828893184662,7,15,65536
28,29,352229076,353556180,357750484,1,1,40 44 33 22 11 00 01 00 58 1D 00 AF B5 09 3A 12 34 E8 7C 85 67 EC 55 FF 66 28 D5 C7 F0 78 56 34 12,33,-2.027336359024048,-128.0087127685547,353.9170227050781,-0.032809287309646606,8,16,65536
29,30,364233730,365560834,369755138,1,1,40 44 33 22 11 00 01 00 58 1E 00 C9 F4 0F E7 35 E5 E5 6F 43 1B 44 6A 2E 5A 49 57 40 7F 78 56 34 12,33,-2.058812379837036,-128.0208282470703,304.1225891113281,-0.032812394201755524,7,15,65536
30,31,376237641,377564745,381759049,1,1,40 44 33 22 11 00 01 00 58 1F 00 03 6F 9B BB BC CB CE C2 01 4A AF FE 9B 73 03 7E 5E 64 78 56 34 12,33,-2.1093356609344482,-128.02406311035156,349.7491149902344,-0.03281322121620178,8,16,65536
31,32,388239864,389566968,393761272,1,1,40 44 33 22 11 00 01 00 58 20 00 B1 09 A4 CB 21 18 DA A7 0B C6 41 D4 A5 32 B0 3B 40 5B 78 56 34 12,33,-1.9794412851333618,-127.996337890625,454.85980224609375,-0.03280611336231232,8,16,65536
32,33,400244620,401571724,405766028,1,1,40 44 33 22 11 00 01 00 58 21 00 91 01 7C 2B FC 27 4B 7F E3 F6 01 4A 33 30 13 24 01 2D 78 56 34 12,33,-1.893031120300293,-127.96359252929688,296.7181396484375,-0.03279772028326988,8,16,65536
33,34,412247437,413574541,417768845,1,1,40 44 33 22 11 00 01 00 58 22 00 E7 91 7D F4 B7 D3 28 23 A9 60 DF B9 A5 49 F3 7D 2B 64 78 56 34 12,33,-1.954121470451355,-127.94161224365234,417.7114562988281,-0.03279208764433861,8,16,65536
34,35,424252142,425579246,429773550,1,1,40 44 33 22 11 00 01 00 58 23 00 E8 F4 B7 A5 CB E0 F7 81 5F 05 A6 22 65 91 59 00 7B 7B 78 56 34 12,33,-1.8520492315292358,-127.92807006835938,299.7105407714844,-0.03278861939907074,8,16,65536
35,36,436255395,437582499,441776803,1,1,40 44 33 22 11 00 01 00 58 24 00 A4 CC 8B 3D DC 9D FA D9 9F 7E D5 AD B7 91 84 E7 7A 91 78 56 34 12,33,-1.9307249784469604,-127.8741455078125,390.4434509277344,-0.03277479484677315,8,16,65536
36,37,448260115,449587219,453781523,1,1,40 44 33 22 11 00 01 00 58 25 00 8E B9 F4 D9 34 EB 82 E4 D6 0F 2F 70 8C BC AC DB 4E 79 78 56 34 12,33,-1.917508602142334,-127.8524169921875,298.4805908203125,-0.03276922553777695,8,16,65536
37,38,460264184,461591288,465785592,1,1,40 44 33 22 11 00 01 00 58 26 00 01 77 F1 4E 6D 7A C1 54 22 02 15 AB E8 48 AE 1C 43 FE 78 56 34 12,33,-2.0840184688568115,-127.87554168701172,340.2484130859375,-0.0327751561999321,7,15,65536
38,39,472267490,473594594,477788898,1,1,40 44 33 22 11 00 01 00 58 27 00 BD 1A BE 3A 08 89 07 D5 F8 64 91 29 BF 71 75 0D 64 2B 78 56 34 12,33,-1.9860621690750122,-127.83734130859375,387.7073974609375,-0.03276536241173744,8,16,65536
39,40,484271862,485598966,489793270,1,1,40 44 33 22 11 00 01 00 58 28 00 BB DF 57 F0 45 12 C4 20 EA 48 B9 9B 1F 20 35 86 FD C6 78 56 34 12,33,-1.9091137647628784,-127.83883666992188,320.4870910644531,-0.032765746116638184,8,16,65536
40,41,496274476,497601580,501795884,1,1,40 44 33 22 11 00 01 00 58 29 00 03 EA B2 34 4F EC 55 44 73 88 27 BE 1B B6 DC 3B E3 3E 78 56 34 12,33,-2.014380693435669,-127.86447143554688,431.1690673828125,-0.03277231752872467,7,15,65536
41,42,508278456,509605560,513799864,1,1,40 44 33 22 11 00 01 00 58 2A 00 7A B7 BD 8A 6B 1C 54 93 BA 93 1C DD 3B F3 9C 85 F3 AE 78 56 34 12,33,-1.9975265264511108,-127.85250091552734,345.49322509765625,-0.03276924788951874,8,16,65536
42,43,520282836,521609940,525804244,1,1,40 44 33 22 11 00 01 00 58 2B 00 33 D6 82 26 A6 D4 F3 28 E8 DC B9 65 AB 48 78 B3 25 A3 78 56 34 12,33,-1.1833378076553345,-127.84928131103516,319.8126525878906,-0.03276842460036278,8,16,65536
43,44,532286856,533613960,537808264,1,1,40 44 33 22 11 00 01 00 58 2C 00 CC 13 D6 81 B0 3B 34 2A E6 66 43 E7 D0 DB CA F2 52 FA 78 56 34 12,33,-1.4827419519424438,-127.87249755859375,342.6422119140625,-0.03277437388896942,8,16,65536
44,45,544289137,545616241,549810545,1,1,40 44 33 22 11 00 01 00 58 2D 00 B4 CF 59 3F 73 79 23 AB 57 39 D1 B4 DF B8 F0 0F D5 82 78 56 34 12,33,-1.4495054483413696,-127.89958190917969,452.101806640625,-0.032781317830085754,7,15,65536
45,46,556293428,557620532,561814836,1,1,40 44 33 22 11 00 01 00 58 2E 00 AA 5E F5 C8 74 80 62 28 AD 70 94 CC F3 B2 D1 A6 F3 5A 78 56 34 12,33,-1.4534775018692017,-127.88129425048828,326.9868469238281,-0.03277662768959999,7,15,65536
46,47,568297046,569624150,573818454,1,1,40 44 33 22 11 00 01 00 58 2F 00 D9 69 FF 2E F7 2C 2B 15 F7 E4 6C 66 AD 5E 5E 44 B0 54 78 56 34 12,33,-1.4162195920944214,-127.80879211425781,368.9625244140625,-0.03275804594159126,7,15,65536
47,48,580301035,581628139,585822443,1,1,40 44 33 22 11 00 01 00 58 30 00 66 68 25 48 BA DF C9 0E BF 17 9B A4 6B C2 F0 34 5E 3A 78 56 34 12,33,-1.3344091176986694,-127.80243682861328,344.714599609375,-0.032756417989730835,8,16,65536
48,49,592305907,593633011,597827315,1,1,40 44 33 22 11 00 01 00 58 31 00 0E 4F FD 4B 29 AE C5 17 3A BB D4 55 22 4B 34 BD 3B 54 78 56 34 12,33,-1.151313066482544,-127.81787109375,290.2666015625,-0.0327603742480278,7,15,65536
49,50,604309306,605636410,609830714,1,1,40 44 33 22 11 00 01 00 58 32 00 13 01 B3 EE 27 67 4D 23 F1 E1 68 0E 1B 88 FA 5C 61 00 78 56 34 12,33,-1.1782337427139282,-127.80341339111328,381.8450927734375,-0.03275666758418083,8,16,65536
50,51,616312942,617640046,621834350,1,1,40 44 33 22 11 00 01 00 58 33 00 37 A8 93 85 D8 75 E5 FC 3D 82 47 4C 40 63 71 E6 C1 39 78 56 34 12,33,-1.1100722551345825,-127.7447280883789,366.6576843261719,-0.03274162486195564,8,16,65536
51,52,628316214,629643318,633837622,1,1,40 44 33 22 11 00 01 00 58 34 00 50 FD 61 AD D0 7F 21 96 9A DF 97 05 C7 34 01 D6 02 1D 78 56 34 12,33,-1.2045869827270508,-127.71389770507812,390.2434387207031,-0.032733723521232605,7,15,65536
52,53,640320642,641647746,645842050,1,1,40 44 33 22 11 00 01 00 58 35 00 38 02 76 77 7E 0F B0 C3 75 5D 21 FA F9 16 5A C2 C3 E1 78 56 34 12,33,-1.0637614727020264,-127.73052978515625,317.56329345703125,-0.032737985253334045,8,16,65536
53,54,652323731,653650835,657845139,1,1,40 44 33 22 11 00 01 00 58 36 00 14 1F C9 DB C7 0D B4 33 1E 1C AE 03 3A 49 BD 56 C2 D0 78 56 34 12,33,-1.085371971130371,-127.75420379638672,400.5768127441406,-0.03274405375123024,8,16,65536
54,55,664328183,665655287,669849591,1,1,40 44 33 22 11 00 01 00 58 37 00 CC 52 21 79 C0 97 EB 29 37 5B 2D 87 9C D5 D2 DC E3 4F 78 56 34 12,33,-1.4816612005233765,-127.76214599609375,315.381591796875,-0.0327460914850235,8,16,65536
55,56,676331816,677658920,681853224,1,1,40 44 33 22 11 00 01 00 58 38 00 B7 26 94 89 CA 31 1E ED EC 21 4D E2 65 E9 94 0C 66 48 78 56 34 12,33,-1.374704360961914,-127.74190521240234,367.3485107421875,-0.03274090215563774,7,15,65536
56,57,688335719,689662823,693857127,1,1,40 44 33 22 11 00 01 00 58 39 00 98 E5 48 B0 B8 C0 F6 3B B1 8D DE C8 DE AF 3B 58 83 B8 78 56 34 12,33,-1.3928031921386719,-127.72394561767578,350.5267639160156,-0.03273629769682884,8,16,65536
57,58,700338495,701665599,705859903,1,1,40 44 33 22 11 00 01 00 58 3A 00 C0 A1 76 7F 93 9B 0D B1 DA A5 68 61 B0 56 12 4C 65 EC 78 56 34 12,33,-1.45894193649292,-127.69352722167969,421.0556335449219,-0.03272850438952446,7,15,65536
58,59,712342002,713669106,717863410,1,1,40 44 33 22 11 00 01 00 58 3B 00 DB 97 62 37 30 5E 98 B9 E2 EC A2 3F 65 2D 07 06 22 89 78 56 34 12,33,-1.2600451707839966,-127.70172882080078,375.9492492675781,-0.03273060545325279,7,15,65536
59,60,724345341,725672445,729866749,1,1,40 44 33 22 11 00 01 00 58 3C 00 2E 6D 08 D5 B1 96 68 36 0A 2D 50 3F C1 5C D6 A7 AF 84 78 56 34 12,33,-1.4602203369140625,-127.73995971679688,386.2954406738281,-0.03274040296673775,7,15,65536
60,61,736348674,737675778,741870082,1,1,40 44 33 22 11 00 01 00 58 3D 00 05 C5 5D 20 40 85 72 84 9C 83 FD 41 C8 85 4E 6E 2A 68 78 56 34 12,33,-1.3138461112976074,-127.72611999511719,387.0452880859375,-0.03273685649037361,7,15,65536
61,62,748351765,749678869,753873173,1,1,40 44 33 22 11 00 01 00 58 3E 00 F5 25 F0 75 CE 7B 9D CD D5 FD B4 64 59 97 41 42 AA 50 78 56 34 12,33,-1.460607886314392,-127.72476196289062,401.9502258300781,-0.032736506313085556,7,15,65536
62,63,760353815,761680919,765875223,1,1,40 44 33 22 11 00 01 00 58 3F 00 D6 88 12 98 A8 1F 6C 6E FA 11 F6 71 CC 48 83 6F B5 B6 78 56 34 12,33,-1.4577851295471191,-127.72460174560547,466.848876953125,-0.03273646533489227,7,15,65536
63,64,772357538,773684642,777878946,1,1,40 44 33 22 11 00 01 00 58 40 00 03 C2 6B D5 1D 44 0E E5 55 A0 2A 6B 16 F0 8F 68 37 A3 78 56 34 12,33,-1.5062212944030762,-127.65483093261719,362.2510681152344,-0.032718583941459656,7,15,65536
64,65,784362562,785689666,789883970,1,1,40 44 33 22 11 00 01 00 58 41 00 E6 6B A1 2C D6 79 D4 3C 13 FA 08 1C 7A E2 9B E2 1C B5 78 56 34 12,33,-1.5355826616287231,-127.67015838623047,281.3407897949219,-0.03272251412272453,7,15,65536
65,66,796366974,797694078,801888382,1,1,40 44 33 22 11 00 01 00 58 42 00 C3 F6 6E CF B0 F5 5A F9 F3 9E 3A 2C C0 7E 9F 9D CC 9D 78 56 34 12,33,-1.5139174461364746,-127.6059799194336,318.6117248535156,-0.032706063240766525,8,16,65536
66,67,808371214,809698318,813892622,1,1,40 44 33 22 11 00 01 00 58 43 00 30 B6 51 FB 4F B7 18 55 1B 5D C5 6D F6 E2 41 93 79 BE 78 56 34 12,33,-1.412659764289856,-127.62648010253906,328.65716552734375,-0.032711319625377655,8,16,65536
67,68,820375864,821702968,825897272,1,1,40 44 33 22 11 00 01 00 58 44 00 F8 44 84 DB CA 96 23 5E 23 67 6B 3B F2 2F B7 BF D8 8A 78 56 34 12,33,-1.469701886177063,-127.67439270019531,304.1286926269531,-0.032723598182201385,7,15,65536
68,69,832378423,833705527,837899831,1,1,40 44 33 22 11 00 01 00 58 45 00 89 3C 82 E7 AD 2F AD 53 F7 2B 0A 58 88 18 57 BD 44 38 78 56 34 12,33,-1.416730523109436,-127.69824981689453,435.254150390625,-0.03272971138358116,7,15,65536
69,70,844382428,845709532,849903836,1,1,40 44 33 22 11 00 01 00 58 46 00 19 DE F6 55 85 4C E3 C1 30 B6 0B C0 AF B5 25 49 3E F8 78 56 34 12,33,-1.5242429971694946,-127.70536041259766,344.9973449707031,-0.03273153677582741,7,15,65536
70,71,856387318,857714422,861908726,1,1,40 44 33 22 11 00 01 00 58 47 00 47 40 B4 D9 21 83 40 FC A8 54 9F B6 0D A1 13 A5 9B 39 78 56 34 12,33,-1.4111533164978027,-127.63568878173828,288.4153747558594,-0.03271367773413658,8,16,65536
71,72,868390900,869718004,873912308,1,1,40 44 33 22 11 00 01 00 58 48 00 51 96 FF 18 AE 4E 47 96 1D 0A 8D 1D C4 D2 CA 4B 5A 1D 78 56 34 12,33,-2.0928823947906494,-127.62650299072266,369.60064697265625,-0.032711323350667953,8,16,65536
72,73,880394080,881721184,885915488,1,1,40 44 33 22 11 00 01 00 58 49 00 98 CF B6 0D 06 EC EA 47 3D E4 2D 27 2D D7 5C 73 7A F1 78 56 34 12,33,-2.0024337768554688,-127.66407012939453,395.9264221191406,-0.03272095322608948,7,15,65536
73,74,892398267,893725371,897919675,1,1,40 44 33 22 11 00 01 00 58 4A 00 9A 82 5A 75 A7 4D 90 30 B5 E5 0E F6 29 5C 8F 16 4E 18 78 56 34 12,33,-2.337232828140259,-127.64998626708984,333.3224792480469,-0.03271734341979027,7,15,65536
74,75,904402049,905729153,909923457,1,1,40 44 33 22 11 00 01 00 58 4B 00 0F 42 CA A1 A1 BD 98 5E 64 1C 02 9C 8C 6F 59 C9 FC 11 78 56 34 12,33,-0.1992950439453125,-127.62723541259766,358.99664306640625,-0.03271150961518288,7,15,65536
75,76,916405720,917732824,921927128,1,1,40 44 33 22 11 00 01 00 58 4C 00 5C C5 17 BB EF BA 53 57 2B 25 72 AA 50 30 3D 44 5F 09 78 56 34 12,33,-0.807774543762207,-127.64820098876953,364.63751220703125,-0.03271688520908356,8,16,65536
76,77,928410324,929737428,933931732,1,1,40 44 33 22 11 00 01 00 58 4D 00 56 A5 22 04 57 27 53 43 46 1A F6 4D 17 D4 EB 05 61 89 78 56 34 12,33,-2.517244338989258,-127.6496353149414,306.94818115234375,-0.032717254012823105,7,15,65536
77,78,940413938,941741042,945935346,1,1,40 44 33 22 11 00 01 00 58 4E 00 F2 4A 38 45 A3 96 3A DD E4 AC 51 03 73 E3 81 6F 6A 7B 78 56 34 12,33,-10.368644714355469,-127.66075134277344,369.1156311035156,-0.03272010385990143,7,15,65536
78,79,952416740,953743844,957938148,1,1,40 44 33 22 11 00 01 00 58 4F 00 69 81 D5 D9 B5 AC 7E FF 42 DC 5B 23 35 AD D0 B4 4C 1D 78 56 34 12,33,-10.390301704406738,-127.64827728271484,420.08428955078125,-0.03271690756082535,7,15,65536
79,80,964421921,965749025,969943329,1,1,40 44 33 22 11 00 01 00 58 50 00 DD 77 FE D8 0E 5D 3E B2 9A 65 78 B2 D8 2F B8 A7 5F C3 78 56 34 12,33,-4.628321647644043,-127.6016616821289,271.3170166015625,-0.03270495682954788,7,15,65536
80,81,976425631,977752735,981947039,1,1,40 44 33 22 11 00 01 00 58 51 00 23 E6 3A 57 4E 28 A3 06 16 E6 74 45 D9 89 81 DD 0F 08 78 56 34 12,33,-7.7511773109436035,-127.5610580444336,362.4744873046875,-0.03269454836845398,8,16,65536
81,82,988429045,989756149,993950453,1,1,40 44 33 22 11 00 01 00 58 52 00 AA 5D 60 0B 9C B3 01 BC 3E CF E9 82 95 71 2D 4E DC 08 78 56 34 12,33,-8.706758499145508,-127.62798309326172,381.2071533203125,-0.0327117033302784,7,15,65536
82,83,1000432242,1001759346,1005953650,1,1,40 44 33 22 11 00 01 00 58 53 00 15 61 5A 9F 33 3F C9 DA 4D 71 FC A2 0E 37 05 71 A0 4C 78 56 34 12,33,-9.690323829650879,-127.56572723388672,394.46807861328125,-0.032695747911930084,8,16,65536
83,84,1012435572,1013762676,1017956980,1,1,40 44 33 22 11 00 01 00 58 54 00 FF D4 65 5F B1 9F 66 3E 2D A5 69 90 8E 65 DA 84 A4 CF 78 56 34 12,33,-9.438702583312988,-127.56495666503906,386.33367919921875,-0.032695550471544266,7,15,65536
84,85,1024439239,1025766343,1029960647,1,1,40 44 33 22 11 00 01 00 58 55 00 71 81 C8 31 41 79 47 E9 25 02 F9 0A 76 38 8C A0 91 28 78 56 34 12,33,-9.49000072479248,-128.49041748046875,365.19769287109375,-0.03293275088071823,8,16,65536
85,86,1036443802,1037770906,1041965210,1,1,40 44 33 22 11 00 01 00 58 56 00 86 FE 79 3F C2 AE F2 11 1D 80 61 F4 74 5F BA 51 65 7A 78 56 34 12,33,-10.427800178527832,-128.33493041992188,309.04510498046875,-0.032892897725105286,8,16,65536
86,87,1048448481,1049775585,1053969889,1,1,40 44 33 22 11 00 01 00 58 57 00 A4 2A 12 8B 3B 25 7B 3A 85 D6 A0 C2 0E 56 C7 27 E6 65 78 56 34 12,33,-4.081702709197998,-127.30301666259766,301.69696044921875,-0.032628413289785385,8,16,65536
87,88,1060451155,1061778259,1065972563,1,1,40 44 33 22 11 00 01 00 58 58 00 34 D9 A5 67 2D 27 44 AA AD BA 76 0F C8 D8 39 04 38 39 78 56 34 12,33,-0.726532518863678,-127.3528823852539,426.64898681640625,-0.03264119476079941,8,16,65536
88,89,1072454768,1073781872,1077976176,1,1,40 44 33 22 11 00 01 00 58 59 00 98 D5 7F 4C 4F 9E 62 AE 0A 5E A3 DB 22 F2 9F 3C 03 AC 78 56 34 12,33,-1.5822869539260864,-127.37079620361328,367.8626403808594,-0.03264578804373741,8,16,65536
89,90,1084458792,1085785896,1089980200,1,1,40 44 33 22 11 00 01 00 58 5A 00 EE 52 0F E8 77 82 30 60 13 8F B3 86 25 B2 D8 AC 84 48 78 56 34 12,33,-2.4999139308929443,-127.30001068115234,342.4252624511719,-0.032627642154693604,8,16,65536
90,91,1096463590,1097790694,1101984998,1,1,40 44 33 22 11 00 01 00 58 5B 00 68 FB AC F5 46 C1 7D AB 47 0D 57 7B 2B BF 20 8A 7F D8 78 56 34 12,33,-1.3955076932907104,-127.30656433105469,293.64532470703125,-0.03262932226061821,8,16,65536
91,92,1108466215,1109793319,1113987623,1,1,40 44 33 22 11 00 01 00 58 5C 00 D0 A6 11 E2 AE D5 6E F5 B1 86 DD A2 2B 12 F7 ED C0 16 78 56 34 12,33,-1.993109107017517,-127.26072692871094,429.6014099121094,-0.03261757269501686,8,16,65536
92,93,1120470898,1121798002,1125992306,1,1,40 44 33 22 11 00 01 00 58 5D 00 D1 41 89 11 1E BB DD B4 B6 78 89 B3 DC A4 F9 BC 99 66 78 56 34 12,33,-2.195873260498047,-128.12705993652344,301.0191345214844,-0.03283961862325668,8,16,65536
93,94,1132474412,1133801516,1137995820,1,1,40 44 33 22 11 00 01 00 58 5E 00 44 17 00 97 B7 A6 41 07 82 50 66 06 B7 CA FF 9E 51 CF 78 56 34 12,33,-2.004570245742798,-126.98261260986328,374.419921875,-0.03254629299044609,8,16,65536
94,95,1144478725,1145805829,1150000133,1,1,40 44 33 22 11 00 01 00 58 5F 00 E6 1C B5 69 CC AE 25 A3 7D E0 FB 1B 45 B6 61 CE 13 33 78 56 34 12,33,-1.9903942346572876,-126.95663452148438,323.9437255859375,-0.03253963217139244,8,16,65536
95,96,1156481794,1157808898,1162003202,1,1,40 44 33 22 11 00 01 00 58 60 00 61 ED 59 F6 A6 CF DC 15 79 21 81 C2 2B 73 35 BB 86 3F 78 56 34 12,33,-2.0607240200042725,-126.9837417602539,403.1991271972656,-0.03254658356308937,7,15,65536
96,97,1168485688,1169812792,1174007096,1,1,40 44 33 22 11 00 01 00 58 61 00 49 A9 A2 AE 6B 49 1A A7 F7 75 62 30 8F 72 B4 44 E3 C1 78 56 34 12,33,-2.3333871364593506,-127.00049591064453,350.8513488769531,-0.0325508750975132,8,16,65536
97,98,1180489206,1181816310,1186010614,1,1,40 44 33 22 11 00 01 00 58 62 00 73 CF DA 6A 1D F9 55 AD 75 85 88 16 09 F2 CF 95 35 A5 78 56 34 12,33,-1.7325633764266968,-127.00133514404297,375.0625305175781,-0.03255109116435051,7,15,65536
98,99,1192493751,1193820855,1198015159,1,1,40 44 33 22 11 00 01 00 58 63 00 DE 9D 75 A9 21 B3 DA 00 91 17 3D 5C DD 89 1B CA E4 51 78 56 34 12,33,-1.9032071828842163,-127.05135345458984,311.07806396484375,-0.03256390988826752,7,15,65536
99,100,1204496326,1205823430,1210017734,1,1,40 44 33 22 11 00 01 00 58 64 00 28 B5 18 5E 7F 7B BE 71 2F E6 E7 DB 0B AF C2 2F 6E 9C 78 56 34 12,33,-2.713127851486206,-127.05206298828125,434.17962646484375,-0.03256409242749214,7,15,65536
100,101,1216501816,1217828920,1222023224,1,1,40 44 33 22 11 00 01 00 58 65 00 72 5B E0 2D E3 E3 CA 9C E7 82 AF F0 82 4D 49 0A F6 A2 78 56 34 12,33,-1.2432570457458496,-127.00685119628906,252.10397338867188,-0.03255250304937363,7,15,65536
101,102,1228504989,1229832093,1234026397,1,1,40 44 33 22 11 00 01 00 58 66 00 D6 9B 18 DF 99 4E 30 5E FB 2C D0 D0 6B BE 2E 36 9F 0F 78 56 34 12,33,-1.3476510047912598,-126.999755859375,395.89227294921875,-0.03255068510770798,8,16,65536
102,103,1240508148,1241835252,1246029556,1,1,40 44 33 22 11 00 01 00 58 67 00 6F B0 37 31 49 49 FE 60 C4 DC BD 1B E3 FE 9D B5 8E 31 78 56 34 12,33,-0.8444839119911194,-127.04466247558594,396.4942626953125,-0.032562196254730225,8,16,65536
103,104,1252513195,1253840299,1258034603,1,1,40 44 33 22 11 00 01 00 58 68 00 F0 85 27 DF CD B1 42 27 52 A6 08 40 BD 68 4E 68 87 12 78 56 34 12,33,-1.5771139860153198,-127.09342193603516,279.11749267578125,-0.032574694603681564,7,15,65536
104,105,1264515840,1265842944,1270037248,1,1,40 44 33 22 11 00 01 00 58 69 00 71 BE A0 DD D5 94 53 19 7D EB 54 95 1E F0 0C 2C E3 02 78 56 34 12,33,-1.4779936075210571,-127.06307983398438,428.88153076171875,-0.032566916197538376,8,16,65536
105,106,1276519741,1277846845,1282041149,1,1,40 44 33 22 11 00 01 00 58 6A 00 89 65 8D E2 AC A9 57 E9 14 0C 95 B1 22 98 7C E0 A6 37 78 56 34 12,33,-0.7090771198272705,-127.00399780273438,351.0942077636719,-0.03255177289247513,7,15,65536
106,107,1288524068,1289851172,1294045476,1,1,40 44 33 22 11 00 01 00 58 6B 00 A1 41 8F 69 1F 2F 79 F8 73 9C F6 D0 1D D5 1E 6D 82 87 78 56 34 12,33,-1.4138240814208984,-127.00727081298828,323.72015380859375,-0.03255261108279228,8,16,65536
107,108,1300527139,1301854243,1306048547,1,1,40 44 33 22 11 00 01 00 58 6C 00 99 B3 80 62 52 7D 25 05 9C 90 23 40 98 56 66 86 FF 23 78 56 34 12,33,-1.4718362092971802,-127.1171646118164,401.8935546875,-0.03258077800273895,8,16,65536
108,109,1312530903,1313858007,1318052311,1,1,40 44 33 22 11 00 01 00 58 6D 00 28 CD D6 A3 A9 3D AE 8F DA 30 C0 C9 9A 63 66 E7 8D 74 78 56 34 12,33,0.006488236133009195,-127.1397705078125,358.6603088378906,-0.03258657082915306,8,16,65536
109,110,1324535035,1325862139,1330056443,1,1,40 44 33 22 11 00 01 00 58 6E 00 9C A0 A2 14 51 2C 77 97 80 B4 01 C8 30 3B 48 3C 9C FD 78 56 34 12,33,-1.4377776384353638,-127.23241424560547,335.4972839355469,-0.032610319554805756,8,16,65536
110,111,1336538646,1337865750,1342060054,1,1,40 44 33 22 11 00 01 00 58 6F 00 1C CF 7B FE 32 F4 F6 BD 8E 35 D8 66 9E 0B AF CF F1 0D 78 56 34 12,33,-1.5035014152526855,-127.28529357910156,367.8648986816406,-0.03262387216091156,8,16,65536
111,112,1348542355,1349869459,1354063763,1,1,40 44 33 22 11 00 01 00 58 70 00 48 13 68 7A BE 5D 0D AC AA 4D 32 C7 9A B7 06 0C 40 DC 78 56 34 12,33,-2.8150060176849365,-128.34454345703125,362.10491943359375,-0.03289536014199257,8,16,65536
112,113,1360547126,1361874230,1366068534,1,1,40 44 33 22 11 00 01 00 58 71 00 3B 14 2A 69 86 23 AB 2F EF A1 8D E0 A9 02 EF 56 76 70 78 56 34 12,33,-3.194331407546997,-128.40054321289062,296.014892578125,-0.03290971368551254,8,16,65536
113,114,1372550058,1373877162,1378071466,1,1,40 44 33 22 11 00 01 00 58 72 00 C9 BC 48 72 25 D0 06 B7 7F 55 33 E2 C5 26 8E CB 20 48 78 56 34 12,33,-2.3826637268066406,-127.39570617675781,410.7964782714844,-0.03265216946601868,8,16,65536
114,115,1384554421,1385881525,1390075829,1,1,40 44 33 22 11 00 01 00 58 73 00 22 6D 6C E3 8F B5 48 51 86 56 08 C4 AF 80 7D 61 F5 0C 78 56 34 12,33,-2.1085433959960938,-128.38995361328125,321.176513671875,-0.03290700167417526,8,16,65536
115,116,1396557191,1397884295,1402078599,1,1,40 44 33 22 11 00 01 00 58 74 00 A7 FD 4D 4C 45 C4 AD 2C 0D 85 14 A1 74 EF 1C 24 37 4B 78 56 34 12,33,-2.858492851257324,-128.3228302001953,421.12896728515625,-0.032889798283576965,8,16,65536
116,117,1408561140,1409888244,1414082548,1,1,40 44 33 22 11 00 01 00 58 75 00 42 C5 6C F4 86 61 72 F4 B2 4F 3D CD 59 7F 17 44 8C 33 78 56 34 12,33,-1.3620295524597168,-127.32344818115234,347.37811279296875,-0.03263365104794502,8,16,65536
117,118,1420566095,1421893199,1426087503,1,1,40 44 33 22 11 00 01 00 58 76 00 B1 CC 91 0F B9 5B DA 34 78 4B FD 6A B0 FB AD 5B 08 5F 78 56 34 12,33,-1.2677544355392456,-127.3520278930664,283.7646789550781,-0.0326409749686718,8,16,65536
118,119,1432568546,1433895650,1438089954,1,1,40 44 33 22 11 00 01 00 58 77 00 66 EE 2C 56 EF CF 9E 51 B3 3E D8 1F 13 1D B0 32 F7 55 78 56 34 12,33,-1.3257721662521362,-127.37418365478516,440.6231994628906,-0.032646652311086655,8,16,65536
119,120,1444573199,1445900303,1450094607,1,1,40 44 33 22 11 00 01 00 58 00 00 B9 88 3A 2D 11 8A A8 70 66 A9 9F 80 48 26 E7 52 29 AF 78 56 34 12,33,-1.3003817796707153,-127.44502258300781,302.8697204589844,-0.03266480937600136,8,16,65536
120,121,1456576773,1457903877,1462098181,1,1,40 44 33 22 11 00 01 00 58 01 00 27 48 65 75 1E 0F 5F 03 79 3E 99 5E 93 94 B2 05 3D F0 78 56 34 12,33,-1.4438225030899048,-127.46342468261719,370.5598449707031,-0.03266952559351921,8,16,65536
121,122,1468581777,1469908881,1474103185,1,1,40 44 33 22 11 00 01 00 58 02 00 5C D6 73 D9 2B 85 3A C5 61 23 BC 76 BF 47 47 3C F8 F4 78 56 34 12,33,-1.6648222208023071,-127.49534606933594,280.8758544921875,-0.03267770633101463,8,16,65536
122,123,1480585186,1481912290,1486106594,1,1,40 44 33 22 11 00 01 00 58 03 00 5C B3 BD D7 AE 69 BF 3B 14 5B EF D6 BD B9 7C 37 85 37 78 56 34 12,33,-1.6395550966262817,-127.43656921386719,380.8964538574219,-0.03266264125704765,8,16,65536
123,124,1492587858,1493914962,1498109266,1,1,40 44 33 22 11 00 01 00 58 04 00 31 63 43 64 6B 6F A4 4C 91 C2 D7 8B 3A AC 4A F4 C5 5B 78 56 34 12,33,-1.4042125940322876,-127.45497131347656,426.924560546875,-0.032667357474565506,8,16,65536
124,125,1504591244,1505918348,1510112652,1,1,40 44 33 22 11 00 01 00 58 05 00 69 6C 1C DF 73 2C 76 FB D4 0D 64 A2 41 46 90 82 74 C9 78 56 34 12,33,-1.6026296615600586,-128.45545959472656,382.3461608886719,-0.03292378783226013,8,16,65536
125,126,1516594557,1517921661,1522115965,1,1,40 44 33 22 11 00 01 00 58 06 00 50 B7 04 E1 AE AE 8C 5D 1C 65 E0 40 AE C1 24 CE 72 A4 78 56 34 12,33,-1.5570489168167114,-127.4587631225586,387.42034912109375,-0.032668329775333405,8,16,65536
126,127,1528597719,1529924823,1534119127,1,1,40 44 33 22 11 00 01 00 58 07 00 3D 9B 8E 75 34 6B 7D DE 1E F9 48 3E 61 6E 43 6D B6 72 78 56 34 12,33,-1.734190583229065,-127.41128540039062,395.8948059082031,-0.03265616297721863,8,16,65536
127,128,1540601701,1541928805,1546123109,1,1,40 44 33 22 11 00 01 00 58 08 00 38 7B D1 89 7A 18 8B B8 7F BB 6D 67 91 40 8F 03 A5 9D 78 56 34 12,33,-1.219992995262146,-128.40638732910156,345.0458679199219,-0.032911211252212524,8,16,65536
128,129,1552606199,1553933303,1558127607,1,1,40 44 33 22 11 00 01 00 58 09 00 62 A2 1D DB 0B 62 AF 52 01 BC 88 42 AA 1F D8 A1 2E CE 78 56 34 12,33,-7.007447719573975,-127.41738891601562,313.00360107421875,-0.03265772759914398,8,16,65536
