reference_id,uart_seq,uart_round,payload_id,frame_hex,app_payload_hex,frame_bytes,sf,bandwidth_hz,cr,preamble_symbols,sync_word,phy_crc,ldro,sample_rate_hz,samples_per_symbol,leading_silence_samples,trailing_silence_samples,reference_samples,header_symbols,payload_symbols,tx_period_ms,source_reference_path,dataset_reference_path,reference_sha256,reference_metadata_path,uart_source_path,uart_source_sha256
0,0,0,0,40 44 33 22 11 00 01 00 58 00 00 B9 88 3A 2D 11 8A A8 70 66 A9 9F 80 48 26 E7 52 29 AF 78 56 34 12,00 00 B9 88 3A 2D 11 8A A8 70 66 A9 9F 80 48 26 E7 52 29 AF,33,12,125000,4,16,18,1,1,1000000,32768,10000,0,2770704,8,56,6000,data/reference_phy/reference/signalout_000000_fulltrim.cfile,reference/signalout_000000_fulltrim.cfile,140C2224AAA960348D682DB69AADE1FC106AB50227FFBDAC70FB5F73681FA90F,data/reference_phy/metadata/000000.json,data/raw/packet_reference.txt,AF79F08533A645313F54B0A2ECC01832832ABBA15D9CFE93A2880FAF9CD36D61
1,1,0,1,40 44 33 22 11 00 01 00 58 01 00 27 48 65 75 1E 0F 5F 03 79 3E 99 5E 93 94 B2 05 3D F0 78 56 34 12,01 00 27 48 65 75 1E 0F 5F 03 79 3E 99 5E 93 94 B2 05 3D F0,33,12,125000,4,16,18,1,1,1000000,32768,10000,0,2770704,8,56,6000,data/reference_phy/reference/signalout_000001_fulltrim.cfile,reference/signalout_000001_fulltrim.cfile,4F5316B7650BB9D5D76A36BC9D0CA2E713E01A3EDE1D658B2CC2E84521EA125B,data/reference_phy/metadata/000001.json,data/raw/packet_reference.txt,AF79F08533A645313F54B0A2ECC01832832ABBA15D9CFE93A2880FAF9CD36D61
2,2,0,2,40 44 33 22 11 00 01 00 58 02 00 5C D6 73 D9 2B 85 3A C5 61 23 BC 76 BF 47 47 3C F8 F4 78 56 34 12,02 00 5C D6 73 D9 2B 85 3A C5 61 23 BC 76 BF 47 47 3C F8 F4,33,12,125000,4,16,18,1,1,1000000,32768,10000,0,2770704,8,56,6000,data/reference_phy/reference/signalout_000002_fulltrim.cfile,reference/signalout_000002_fulltrim.cfile,D31405847A4ECB1EA6C37AC90DD05E576F890CDD64108A4361E45791AA3EB875,data/reference_phy/metadata/000002.json,data/raw/packet_reference.txt,AF79F08533A645313F54B0A2ECC01832832ABBA15D9CFE93A2880FAF9CD36D61
3,3,0,3,40 44 33 22 11 00 01 00 58 03 00 5C B3 BD D7 AE 69 BF 3B 14 5B EF D6 BD B9 7C 37 85 37 78 56 34 12,03 00 5C B3 BD D7 AE 69 BF 3B 14 5B EF D6 BD B9 7C 37 85 37,33,12,125000,4,16,18,1,1,1000000,32768,10000,0,2770704,8,56,6000,data/reference_phy/reference/signalout_000003_fulltrim.cfile,reference/signalout_000003_fulltrim.cfile,86C3966285EBA413DB86CF43E1F53D8D241569150972F854C761B28043559475,data/reference_phy/metadata/000003.json,data/raw/packet_reference.txt,AF79F08533A645313F54B0A2ECC01832832ABBA15D9CFE93A2880FAF9CD36D61
4,4,0,4,40 44 33 22 11 00 01 00 58 04 00 31 63 43 64 6B 6F A4 4C 91 C2 D7 8B 3A AC 4A F4 C5 5B 78 56 34 12,04 00 31 63 43 64 6B 6F A4 4C 91 C2 D7 8B 3A AC 4A F4 C5 5B,33,12,125000,4,16,18,1,1,1000000,32768,10000,0,2770704,8,56,6000,data/reference_phy/reference/signalout_000004_fulltrim.cfile,reference/signalout_000004_fulltrim.cfile,A53AFE560F9C3255A2F0EA76DDC974C7468FD387663807F458E1DE53583B9427,data/reference_phy/metadata/000004.json,data/raw/packet_reference.txt,AF79F08533A645313F54B0A2ECC01832832ABBA15D9CFE93A2880FAF9CD36D61
5,5,0,5,40 44 33 22 11 00 01 00 58 05 00 69 6C 1C DF 73 2C 76 FB D4 0D 64 A2 41 46 90 82 74 C9 78 56 34 12,05 00 69 6C 1C DF 73 2C 76 FB D4 0D 64 A2 41 46 90 82 74 C9,33,12,125000,4,16,18,1,1,1000000,32768,10000,0,2770704,8,56,6000,data/reference_phy/reference/signalout_000005_fulltrim.cfile,reference/signalout_000005_fulltrim.cfile,CB013C10C9558B3A499E658FF527A41A9DD70C2F2E832E9C3BB1FC01C05E4ABB,data/reference_phy/metadata/000005.json,data/raw/packet_reference.txt,AF79F08533A645313F54B0A2ECC01832832ABBA15D9CFE93A2880FAF9CD36D61
6,6,0,6,40 44 33 22 11 00 01 00 58 06 00 50 B7 04 E1 AE AE 8C 5D 1C 65 E0 40 AE C1 24 CE 72 A4 78 56 34 12,06 00 50 B7 04 E1 AE AE 8C 5D 1C 65 E0 40 AE C1 24 CE 72 A4,33,12,125000,4,16,18,1,1,1000000,32768,10000,0,2770704,8,56,6000,data/reference_phy/reference/signalout_000006_fulltrim.cfile,reference/signalout_000006_fulltrim.cfile,368B29F6F943516A4852F0F248CA908F5CBB6E5D9867C2B59801F774D79C2EAB,data/reference_phy/metadata/000006.json,data/raw/packet_reference.txt,AF79F08533A645313F54B0A2ECC01832832ABBA15D9CFE93A2880FAF9CD36D61
7,7,0,7,40 44 33 22 11 00 01 00 58 07 00 3D 9B 8E 75 34 6B 7D DE 1E F9 48 3E 61 6E 43 6D B6 72 78 56 34 12,07 00 3D 9B 8E 75 34 6B 7D DE 1E F9 48 3E 61 6E 43 6D B6 72,33,12,125000,4,16,18,1,1,1000000,32768,10000,0,2770704,8,56,6000,data/reference_phy/reference/signalout_000007_fulltrim.cfile,reference/signalout_000007_fulltrim.cfile,579916E6AA71B7770268E9B5851354A7938BF7F2ACFDCAAA720DEBDAB77EA829,data/reference_phy/metadata/000007.json,data/raw/packet_reference.txt,AF79F08533A645313F54B0A2ECC01832832ABBA15D9CFE93A2880FAF9CD36D61
8,8,0,8,40 44 33 22 11 00 01 00 58 08 00 38 7B D1 89 7A 18 8B B8 7F BB 6D 67 91 40 8F 03 A5 9D 78 56 34 12,08 00 38 7B D1 89 7A 18 8B B8 7F BB 6D 67 91 40 8F 03 A5 9D,33,12,125000,4,16,18,1,1,1000000,32768,10000,0,2770704,8,56,6000,data/reference_phy/reference/signalout_000008_fulltrim.cfile,reference/signalout_000008_fulltrim.cfile,B6C8F77BB988B9E2CB475B57D8990AB96B544A45DA55142F289297D42427F094,data/reference_phy/metadata/000008.json,data/raw/packet_reference.txt,AF79F08533A645313F54B0A2ECC01832832ABBA15D9CFE93A2880FAF9CD36D61
9,9,0,9,40 44 33 22 11 00 01 00 58 09 00 62 A2 1D DB 0B 62 AF 52 01 BC 88 42 AA 1F D8 A1 2E CE 78 56 34 12,09 00 62 A2 1D DB 0B 62 AF 52 01 BC 88 42 AA 1F D8 A1 2E CE,33,12,125000,4,16,18,1,1,1000000,32768,10000,0,2770704,8,56,6000,data/reference_phy/reference/signalout_000009_fulltrim.cfile,reference/signalout_000009_fulltrim.cfile,6006289ED933500E4087615EFAAF9C61FDA12971E9C2BC34A44E4D37AFC48EDC,data/reference_phy/metadata/000009.json,data/raw/packet_reference.txt,AF79F08533A645313F54B0A2ECC01832832ABBA15D9CFE93A2880FAF9CD36D61
10,10,0,10,40 44 33 22 11 00 01 00 58 0A 00 5D 6C 2C 7E 06 8C A5 1D 13 C6 9F C2 16 4B 05 58 45 67 78 56 34 12,0A 00 5D 6C 2C 7E 06 8C A5 1D 13 C6 9F C2 16 4B 05 58 45 67,33,12,125000,4,16,18,1,1,1000000,32768,10000,0,2770704,8,56,6000,data/reference_phy/reference/signalout_000010_fulltrim.cfile,reference/signalout_000010_fulltrim.cfile,4BBE0AAEE465334069C900B949E5594DDD9FA1811763AA6B9284E050D69B7B22,data/reference_phy/metadata/000010.json,data/raw/packet_reference.txt,AF79F08533A645313F54B0A2ECC01832832ABBA15D9CFE93A2880FAF9CD36D61
11,11,0,11,40 44 33 22 11 00 01 00 58 0B 00 95 C7 C5 3A 1F 37 68 25 72 C2 4A 55 0F 65 31 6B 24 DE 78 56 34 12,0B 00 95 C7 C5 3A 1F 37 68 25 72 C2 4A 55 0F 65 31 6B 24 DE,33,12,125000,4,16,18,1,1,1000000,32768,10000,0,2770704,8,56,6000,data/reference_phy/reference/signalout_000011_fulltrim.cfile,reference/signalout_000011_fulltrim.cfile,FD1C22E3EF2AEB8584236B2CCBF4833691C2354AE3789A3FB8C8CECB533D3F53,data/reference_phy/metadata/000011.json,data/raw/packet_reference.txt,AF79F08533A645313F54B0A2ECC01832832ABBA15D9CFE93A2880FAF9CD36D61
12,12,0,12,40 44 33 22 11 00 01 00 58 0C 00 58 33 32 20 52 22 36 72 83 E3 C5 9D 70 A2 26 6E 54 F2 78 56 34 12,0C 00 58 33 32 20 52 22 36 72 83 E3 C5 9D 70 A2 26 6E 54 F2,33,12,125000,4,16,18,1,1,1000000,32768,10000,0,2770704,8,56,6000,data/reference_phy/reference/signalout_000012_fulltrim.cfile,reference/signalout_000012_fulltrim.cfile,A61BF5FC0BF266464077CBC9DB50F0DE4C5A24590F1A7E45C591935DF1F42051,data/reference_phy/metadata/000012.json,data/raw/packet_reference.txt,AF79F08533A645313F54B0A2ECC01832832ABBA15D9CFE93A2880FAF9CD36D61
13,13,0,13,40 44 33 22 11 00 01 00 58 0D 00 24 92 6A 43 3D BC 1B 41 38 B9 D5 1C 90 96 13 8A B3 84 78 56 34 12,0D 00 24 92 6A 43 3D BC 1B 41 38 B9 D5 1C 90 96 13 8A B3 84,33,12,125000,4,16,18,1,1,1000000,32768,10000,0,2770704,8,56,6000,data/reference_phy/reference/signalout_000013_fulltrim.cfile,reference/signalout_000013_fulltrim.cfile,B7BF0E22D67C336E93EF3568BD7185269FCC88AB4964F5237EED6606B0F36A6B,data/reference_phy/metadata/000013.json,data/raw/packet_reference.txt,AF79F08533A645313F54B0A2ECC01832832ABBA15D9CFE93A2880FAF9CD36D61
14,14,0,14,40 44 33 22 11 00 01 00 58 0E 00 7D 76 4E 04 65 EE D3 DB 17 CE A1 BD B3 75 4C 77 45 B4 78 56 34 12,0E 00 7D 76 4E 04 65 EE D3 DB 17 CE A1 BD B3 75 4C 77 45 B4,33,12,125000,4,16,18,1,1,1000000,32768,10000,0,2770704,8,56,6000,data/reference_phy/reference/signalout_000014_fulltrim.cfile,reference/signalout_000014_fulltrim.cfile,87679B0DD834828C3C672431DB25D47C2EFDFFA808978693E528525AED02D10E,data/reference_phy/metadata/000014.json,data/raw/packet_reference.txt,AF79F08533A645313F54B0A2ECC01832832ABBA15D9CFE93A2880FAF9CD36D61
15,15,0,15,40 44 33 22 11 00 01 00 58 0F 00 69 15 FC 9E A6 D7 37 95 6B D9 95 AB 34 38 27 23 7A F1 78 56 34 12,0F 00 69 15 FC 9E A6 D7 37 95 6B D9 95 AB 34 38 27 23 7A F1,33,12,125000,4,16,18,1,1,1000000,32768,10000,0,2770704,8,56,6000,data/reference_phy/reference/signalout_000015_fulltrim.cfile,reference/signalout_000015_fulltrim.cfile,50488E0C140EE10095BEED4DE8796D048058846B6007024222A909D3A0F3828E,data/reference_phy/metadata/000015.json,data/raw/packet_reference.txt,AF79F08533A645313F54B0A2ECC01832832ABBA15D9CFE93A2880FAF9CD36D61
16,16,0,16,40 44 33 22 11 00 01 00 58 10 00 E2 A5 15 36 79 4B BE 1D 06 A7 04 B0 F4 2A 2D 12 9A 27 78 56 34 12,10 00 E2 A5 15 36 79 4B BE 1D 06 A7 04 B0 F4 2A 2D 12 9A 27,33,12,125000,4,16,18,1,1,1000000,32768,10000,0,2770704,8,56,6000,data/reference_phy/reference/signalout_000016_fulltrim.cfile,reference/signalout_000016_fulltrim.cfile,3C11B4303F84860E85121D16B936DA55E88D2DDF232C146B13A3FC1C7CB9EFED,data/reference_phy/metadata/000016.json,data/raw/packet_reference.txt,AF79F08533A645313F54B0A2ECC01832832ABBA15D9CFE93A2880FAF9CD36D61
17,17,0,17,40 44 33 22 11 00 01 00 58 11 00 F4 0A D3 C6 BA 1C 52 0C CF C8 B1 3E 5A 7F 01 F7 D3 F9 78 56 34 12,11 00 F4 0A D3 C6 BA 1C 52 0C CF C8 B1 3E 5A 7F 01 F7 D3 F9,33,12,125000,4,16,18,1,1,1000000,32768,10000,0,2770704,8,56,6000,data/reference_phy/reference/signalout_000017_fulltrim.cfile,reference/signalout_000017_fulltrim.cfile,AE5630079E9680C0271A44F4F7EB9B3DB1A54B4C0153BD7EE02A4F52902B64E1,data/reference_phy/metadata/000017.json,data/raw/packet_reference.txt,AF79F08533A645313F54B0A2ECC01832832ABBA15D9CFE93A2880FAF9CD36D61
18,18,0,18,40 44 33 22 11 00 01 00 58 12 00 AF 35 AD 06 08 27 8F D9 F5 F3 42 86 02 24 22 0D 2A 17 78 56 34 12,12 00 AF 35 AD 06 08 27 8F D9 F5 F3 42 86 02 24 22 0D 2A 17,33,12,125000,4,16,18,1,1,1000000,32768,10000,0,2770704,8,56,6000,data/reference_phy/reference/signalout_000018_fulltrim.cfile,reference/signalout_000018_fulltrim.cfile,B84855C800259378CB45BDBB022739F6AE33E3A28B345197B338479B7780DA94,data/reference_phy/metadata/000018.json,data/raw/packet_reference.txt,AF79F08533A645313F54B0A2ECC01832832ABBA15D9CFE93A2880FAF9CD36D61
19,19,0,19,40 44 33 22 11 00 01 00 58 13 00 15 12 1F 59 50 93 A8 A7 35 F2 D3 00 31 3F 7D 4D CE DC 78 56 34 12,13 00 15 12 1F 59 50 93 A8 A7 35 F2 D3 00 31 3F 7D 4D CE DC,33,12,125000,4,16,18,1,1,1000000,32768,10000,0,2770704,8,56,6000,data/reference_phy/reference/signalout_000019_fulltrim.cfile,reference/signalout_000019_fulltrim.cfile,1EAE249E293CC4432670B3D8B07C6CC0CFA14393E2C2354318917BF12727D22F,data/reference_phy/metadata/000019.json,data/raw/packet_reference.txt,AF79F08533A645313F54B0A2ECC01832832ABBA15D9CFE93A2880FAF9CD36D61
20,20,0,20,40 44 33 22 11 00 01 00 58 14 00 60 FD BD B8 EF C4 A9 81 F4 95 4B 8F 6D 39 8C F0 5C 78 78 56 34 12,14 00 60 FD BD B8 EF C4 A9 81 F4 95 4B 8F 6D 39 8C F0 5C 78,33,12,125000,4,16,18,1,1,1000000,32768,10000,0,2770704,8,56,6000,data/reference_phy/reference/signalout_000020_fulltrim.cfile,reference/signalout_000020_fulltrim.cfile,A00D535685A6C7CB0E7C61C4F4A1A9A31AF9640F34310A3AA01C570F4F6C8961,data/reference_phy/metadata/000020.json,data/raw/packet_reference.txt,AF79F08533A645313F54B0A2ECC01832832ABBA15D9CFE93A2880FAF9CD36D61
21,21,0,21,40 44 33 22 11 00 01 00 58 15 00 BA AF 12 DC EB 44 44 B2 5D 9B DE F5 78 90 2F 6A FC D7 78 56 34 12,15 00 BA AF 12 DC EB 44 44 B2 5D 9B DE F5 78 90 2F 6A FC D7,33,12,125000,4,16,18,1,1,1000000,32768,10000,0,2770704,8,56,6000,data/reference_phy/reference/signalout_000021_fulltrim.cfile,reference/signalout_000021_fulltrim.cfile,0DF0106D089EF688B2160087E345E899343DD1D23CB40A7FE844F9844E7AA409,data/reference_phy/metadata/000021.json,data/raw/packet_reference.txt,AF79F08533A645313F54B0A2ECC01832832ABBA15D9CFE93A2880FAF9CD36D61
22,22,0,22,40 44 33 22 11 00 01 00 58 16 00 F0 89 E8 B6 A2 58 97 A8 45 F2 8B 62 50 33 4D 30 F6 FB 78 56 34 12,16 00 F0 89 E8 B6 A2 58 97 A8 45 F2 8B 62 50 33 4D 30 F6 FB,33,12,125000,4,16,18,1,1,1000000,32768,10000,0,2770704,8,56,6000,data/reference_phy/reference/signalout_000022_fulltrim.cfile,reference/signalout_000022_fulltrim.cfile,696BCB28B358B7F959C474FD1028BE436C1D9DDE963B3501720ECB72A04295D1,data/reference_phy/metadata/000022.json,data/raw/packet_reference.txt,AF79F08533A645313F54B0A2ECC01832832ABBA15D9CFE93A2880FAF9CD36D61
23,23,0,23,40 44 33 22 11 00 01 00 58 17 00 6C 06 BB 34 49 C8 A7 EB D4 BD 14 75 AF 5A 77 87 3D 18 78 56 34 12,17 00 6C 06 BB 34 49 C8 A7 EB D4 BD 14 75 AF 5A 77 87 3D 18,33,12,125000,4,16,18,1,1,1000000,32768,10000,0,2770704,8,56,6000,data/reference_phy/reference/signalout_000023_fulltrim.cfile,reference/signalout_000023_fulltrim.cfile,443D8B688D0ACDE1C371714615A250B7FF6FE680A2679A25AE09F77B84B5CB30,data/reference_phy/metadata/000023.json,data/raw/packet_reference.txt,AF79F08533A645313F54B0A2ECC01832832ABBA15D9CFE93A2880FAF9CD36D61
24,24,0,24,40 44 33 22 11 00 01 00 58 18 00 2D 49 F1 6A 2F F3 D8 2A 6A 9A 1A 76 EB B4 DB 4D 90 A2 78 56 34 12,18 00 2D 49 F1 6A 2F F3 D8 2A 6A 9A 1A 76 EB B4 DB 4D 90 A2,33,12,125000,4,16,18,1,1,1000000,32768,10000,0,2770704,8,56,6000,data/reference_phy/reference/signalout_000024_fulltrim.cfile,reference/signalout_000024_fulltrim.cfile,63C957A5129A659310EE6B5CBA25ADC539D5C140A78B9D44A2C458A5D137E988,data/reference_phy/metadata/000024.json,data/raw/packet_reference.txt,AF79F08533A645313F54B0A2ECC01832832ABBA15D9CFE93A2880FAF9CD36D61
25,25,0,25,40 44 33 22 11 00 01 00 58 19 00 73 76 3A 4D 68 C1 FC AD A4 5A 0F 69 73 F3 F4 B9 23 B5 78 56 34 12,19 00 73 76 3A 4D 68 C1 FC AD A4 5A 0F 69 73 F3 F4 B9 23 B5,33,12,125000,4,16,18,1,1,1000000,32768,10000,0,2770704,8,56,6000,data/reference_phy/reference/signalout_000025_fulltrim.cfile,reference/signalout_000025_fulltrim.cfile,E2AF773355CBC16664D1127D11AD50F94AC02680E586B8D221875E101D22A7FF,data/reference_phy/metadata/000025.json,data/raw/packet_reference.txt,AF79F08533A645313F54B0A2ECC01832832ABBA15D9CFE93A2880FAF9CD36D61
26,26,0,26,40 44 33 22 11 00 01 00 58 1A 00 57 97 D8 89 7C 3C 79 17 D8 8E 5E AC 25 AC 24 BF 7B BB 78 56 34 12,1A 00 57 97 D8 89 7C 3C 79 17 D8 8E 5E AC 25 AC 24 BF 7B BB,33,12,125000,4,16,18,1,1,1000000,32768,10000,0,2770704,8,56,6000,data/reference_phy/reference/signalout_000026_fulltrim.cfile,reference/signalout_000026_fulltrim.cfile,D8F83E475608D547D2A743A7C31AAA1B068BC9326AE1AC58FFAB9655E84D1F9A,data/reference_phy/metadata/000026.json,data/raw/packet_reference.txt,AF79F08533A645313F54B0A2ECC01832832ABBA15D9CFE93A2880FAF9CD36D61
27,27,0,27,40 44 33 22 11 00 01 00 58 1B 00 CC 4E FE 49 39 69 2F FB 2C B0 B6 BC 29 0A EC 2D 7B C7 78 56 34 12,1B 00 CC 4E FE 49 39 69 2F FB 2C B0 B6 BC 29 0A EC 2D 7B C7,33,12,125000,4,16,18,1,1,1000000,32768,10000,0,2770704,8,56,6000,data/reference_phy/reference/signalout_000027_fulltrim.cfile,reference/signalout_000027_fulltrim.cfile,6BF6BF80E4FA96C7D0A6638C04F070F6A884659AB81567D65EEA12CB3D709B55,data/reference_phy/metadata/000027.json,data/raw/packet_reference.txt,AF79F08533A645313F54B0A2ECC01832832ABBA15D9CFE93A2880FAF9CD36D61
28,28,0,28,40 44 33 22 11 00 01 00 58 1C 00 45 28 F9 6F 7F 79 6B EC 6B 08 AA D0 98 D6 0D E5 BF 1B 78 56 34 12,1C 00 45 28 F9 6F 7F 79 6B EC 6B 08 AA D0 98 D6 0D E5 BF 1B,33,12,125000,4,16,18,1,1,1000000,32768,10000,0,2770704,8,56,6000,data/reference_phy/reference/signalout_000028_fulltrim.cfile,reference/signalout_000028_fulltrim.cfile,988C96C9AF208043CE918BEF9AC19655B132B3892C07882C975770B2B0B0ADC5,data/reference_phy/metadata/000028.json,data/raw/packet_reference.txt,AF79F08533A645313F54B0A2ECC01832832ABBA15D9CFE93A2880FAF9CD36D61
29,29,0,29,40 44 33 22 11 00 01 00 58 1D 00 AF B5 09 3A 12 34 E8 7C 85 67 EC 55 FF 66 28 D5 C7 F0 78 56 34 12,1D 00 AF B5 09 3A 12 34 E8 7C 85 67 EC 55 FF 66 28 D5 C7 F0,33,12,125000,4,16,18,1,1,1000000,32768,10000,0,2770704,8,56,6000,data/reference_phy/reference/signalout_000029_fulltrim.cfile,reference/signalout_000029_fulltrim.cfile,0598E0C769163045008D418325B6454260B8303742164825687C3CEA61E2D439,data/reference_phy/metadata/000029.json,data/raw/packet_reference.txt,AF79F08533A645313F54B0A2ECC01832832ABBA15D9CFE93A2880FAF9CD36D61
30,30,0,30,40 44 33 22 11 00 01 00 58 1E 00 C9 F4 0F E7 35 E5 E5 6F 43 1B 44 6A 2E 5A 49 57 40 7F 78 56 34 12,1E 00 C9 F4 0F E7 35 E5 E5 6F 43 1B 44 6A 2E 5A 49 57 40 7F,33,12,125000,4,16,18,1,1,1000000,32768,10000,0,2770704,8,56,6000,data/reference_phy/reference/signalout_000030_fulltrim.cfile,reference/signalout_000030_fulltrim.cfile,EC2DB0A946236D726757834CA38DF4E8F243791ED43109D5A98D1FC357220BC4,data/reference_phy/metadata/000030.json,data/raw/packet_reference.txt,AF79F08533A645313F54B0A2ECC01832832ABBA15D9CFE93A2880FAF9CD36D61
31,31,0,31,40 44 33 22 11 00 01 00 58 1F 00 03 6F 9B BB BC CB CE C2 01 4A AF FE 9B 73 03 7E 5E 64 78 56 34 12,1F 00 03 6F 9B BB BC CB CE C2 01 4A AF FE 9B 73 03 7E 5E 64,33,12,125000,4,16,18,1,1,1000000,32768,10000,0,2770704,8,56,6000,data/reference_phy/reference/signalout_000031_fulltrim.cfile,reference/signalout_000031_fulltrim.cfile,C2E82B4DFABB17F3ED866861B056EB95B7050E94B6DED37A6BFFB2FE24B3F3A7,data/reference_phy/metadata/000031.json,data/raw/packet_reference.txt,AF79F08533A645313F54B0A2ECC01832832ABBA15D9CFE93A2880FAF9CD36D61
32,32,0,32,40 44 33 22 11 00 01 00 58 20 00 B1 09 A4 CB 21 18 DA A7 0B C6 41 D4 A5 32 B0 3B 40 5B 78 56 34 12,20 00 B1 09 A4 CB 21 18 DA A7 0B C6 41 D4 A5 32 B0 3B 40 5B,33,12,125000,4,16,18,1,1,1000000,32768,10000,0,2770704,8,56,6000,data/reference_phy/reference/signalout_000032_fulltrim.cfile,reference/signalout_000032_fulltrim.cfile,5A7DEEC981251C13BABADB8D8189272B7915DECCDCCD5A2C29EA1B2F96179CA3,data/reference_phy/metadata/000032.json,data/raw/packet_reference.txt,AF79F08533A645313F54B0A2ECC01832832ABBA15D9CFE93A2880FAF9CD36D61
33,33,0,33,40 44 33 22 11 00 01 00 58 21 00 91 01 7C 2B FC 27 4B 7F E3 F6 01 4A 33 30 13 24 01 2D 78 56 34 12,21 00 91 01 7C 2B FC 27 4B 7F E3 F6 01 4A 33 30 13 24 01 2D,33,12,125000,4,16,18,1,1,1000000,32768,10000,0,2770704,8,56,6000,data/reference_phy/reference/signalout_000033_fulltrim.cfile,reference/signalout_000033_fulltrim.cfile,41277C204D25DDD2B0D23C5899D4404838064EE306A2112627C7FDCBCA5A7F03,data/reference_phy/metadata/000033.json,data/raw/packet_reference.txt,AF79F08533A645313F54B0A2ECC01832832ABBA15D9CFE93A2880FAF9CD36D61
34,34,0,34,40 44 33 22 11 00 01 00 58 22 00 E7 91 7D F4 B7 D3 28 23 A9 60 DF B9 A5 49 F3 7D 2B 64 78 56 34 12,22 00 E7 91 7D F4 B7 D3 28 23 A9 60 DF B9 A5 49 F3 7D 2B 64,33,12,125000,4,16,18,1,1,1000000,32768,10000,0,2770704,8,56,6000,data/reference_phy/reference/signalout_000034_fulltrim.cfile,reference/signalout_000034_fulltrim.cfile,6F4380B8D3846669B80F9ACCD0A5EA709EACF2720F652625028ABFC9E807ABEB,data/reference_phy/metadata/000034.json,data/raw/packet_reference.txt,AF79F08533A645313F54B0A2ECC01832832ABBA15D9CFE93A2880FAF9CD36D61
35,35,0,35,40 44 33 22 11 00 01 00 58 23 00 E8 F4 B7 A5 CB E0 F7 81 5F 05 A6 22 65 91 59 00 7B 7B 78 56 34 12,23 00 E8 F4 B7 A5 CB E0 F7 81 5F 05 A6 22 65 91 59 00 7B 7B,33,12,125000,4,16,18,1,1,1000000,32768,10000,0,2770704,8,56,6000,data/reference_phy/reference/signalout_000035_fulltrim.cfile,reference/signalout_000035_fulltrim.cfile,ED9C62EFDE332EA1277D9448DB8036B1E20D082E31B0494CBFF71E0A49AA359B,data/reference_phy/metadata/000035.json,data/raw/packet_reference.txt,AF79F08533A645313F54B0A2ECC01832832ABBA15D9CFE93A2880FAF9CD36D61
36,36,0,36,40 44 33 22 11 00 01 00 58 24 00 A4 CC 8B 3D DC 9D FA D9 9F 7E D5 AD B7 91 84 E7 7A 91 78 56 34 12,24 00 A4 CC 8B 3D DC 9D FA D9 9F 7E D5 AD B7 91 84 E7 7A 91,33,12,125000,4,16,18,1,1,1000000,32768,10000,0,2770704,8,56,6000,data/reference_phy/reference/signalout_000036_fulltrim.cfile,reference/signalout_000036_fulltrim.cfile,3146CA8D7A3BB53ADD78B1890A535208AF6117D61293516019E838B83E587740,data/reference_phy/metadata/000036.json,data/raw/packet_reference.txt,AF79F08533A645313F54B0A2ECC01832832ABBA15D9CFE93A2880FAF9CD36D61
37,37,0,37,40 44 33 22 11 00 01 00 58 25 00 8E B9 F4 D9 34 EB 82 E4 D6 0F 2F 70 8C BC AC DB 4E 79 78 56 34 12,25 00 8E B9 F4 D9 34 EB 82 E4 D6 0F 2F 70 8C BC AC DB 4E 79,33,12,125000,4,16,18,1,1,1000000,32768,10000,0,2770704,8,56,6000,data/reference_phy/reference/signalout_000037_fulltrim.cfile,reference/signalout_000037_fulltrim.cfile,8CBDB0D5953A1F444C602809E9939B0DD797E81031AF1D20C16DBF3D2B1F6263,data/reference_phy/metadata/000037.json,data/raw/packet_reference.txt,AF79F08533A645313F54B0A2ECC01832832ABBA15D9CFE93A2880FAF9CD36D61
38,38,0,38,40 44 33 22 11 00 01 00 58 26 00 01 77 F1 4E 6D 7A C1 54 22 02 15 AB E8 48 AE 1C 43 FE 78 56 34 12,26 00 01 77 F1 4E 6D 7A C1 54 22 02 15 AB E8 48 AE 1C 43 FE,33,12,125000,4,16,18,1,1,1000000,32768,10000,0,2770704,8,56,6000,data/reference_phy/reference/signalout_000038_fulltrim.cfile,reference/signalout_000038_fulltrim.cfile,AFB5EDA52026F16A0C83C370F59957A31DE3960E49410D139205B08A2C9FFDFB,data/reference_phy/metadata/000038.json,data/raw/packet_reference.txt,AF79F08533A645313F54B0A2ECC01832832ABBA15D9CFE93A2880FAF9CD36D61
39,39,0,39,40 44 33 22 11 00 01 00 58 27 00 BD 1A BE 3A 08 89 07 D5 F8 64 91 29 BF 71 75 0D 64 2B 78 56 34 12,27 00 BD 1A BE 3A 08 89 07 D5 F8 64 91 29 BF 71 75 0D 64 2B,33,12,125000,4,16,18,1,1,1000000,32768,10000,0,2770704,8,56,6000,data/reference_phy/reference/signalout_000039_fulltrim.cfile,reference/signalout_000039_fulltrim.cfile,66D586B1F167CA1EA4747D2AEDFE9159ED23BD6643E43E5BE6C7980EDBC7EE1A,data/reference_phy/metadata/000039.json,data/raw/packet_reference.txt,AF79F08533A645313F54B0A2ECC01832832ABBA15D9CFE93A2880FAF9CD36D61
40,40,0,40,40 44 33 22 11 00 01 00 58 28 00 BB DF 57 F0 45 12 C4 20 EA 48 B9 9B 1F 20 35 86 FD C6 78 56 34 12,28 00 BB DF 57 F0 45 12 C4 20 EA 48 B9 9B 1F 20 35 86 FD C6,33,12,125000,4,16,18,1,1,1000000,32768,10000,0,2770704,8,56,6000,data/reference_phy/reference/signalout_000040_fulltrim.cfile,reference/signalout_000040_fulltrim.cfile,7854E7A2732D3FBBC6CE83013FBA4EBBAE0378641BA3A3B2D1011BDF1EBA25A6,data/reference_phy/metadata/000040.json,data/raw/packet_reference.txt,AF79F08533A645313F54B0A2ECC01832832ABBA15D9CFE93A2880FAF9CD36D61
41,41,0,41,40 44 33 22 11 00 01 00 58 29 00 03 EA B2 34 4F EC 55 44 73 88 27 BE 1B B6 DC 3B E3 3E 78 56 34 12,29 00 03 EA B2 34 4F EC 55 44 73 88 27 BE 1B B6 DC 3B E3 3E,33,12,125000,4,16,18,1,1,1000000,32768,10000,0,2770704,8,56,6000,data/reference_phy/reference/signalout_000041_fulltrim.cfile,reference/signalout_000041_fulltrim.cfile,D9C09FB32997161480ABF358269C44F4CBF0830FD436F8654BE3A081C2720794,data/reference_phy/metadata/000041.json,data/raw/packet_reference.txt,AF79F08533A645313F54B0A2ECC01832832ABBA15D9CFE93A2880FAF9CD36D61
42,42,0,42,40 44 33 22 11 00 01 00 58 2A 00 7A B7 BD 8A 6B 1C 54 93 BA 93 1C DD 3B F3 9C 85 F3 AE 78 56 34 12,2A 00 7A B7 BD 8A 6B 1C 54 93 BA 93 1C DD 3B F3 9C 85 F3 AE,33,12,125000,4,16,18,1,1,1000000,32768,10000,0,2770704,8,56,6000,data/reference_phy/reference/signalout_000042_fulltrim.cfile,reference/signalout_000042_fulltrim.cfile,0FAF181130D98692DC6E97AE0EE415DFFF7B5E52F640F0D7C3A4E09D3D12C149,data/reference_phy/metadata/000042.json,data/raw/packet_reference.txt,AF79F08533A645313F54B0A2ECC01832832ABBA15D9CFE93A2880FAF9CD36D61
43,43,0,43,40 44 33 22 11 00 01 00 58 2B 00 33 D6 82 26 A6 D4 F3 28 E8 DC B9 65 AB 48 78 B3 25 A3 78 56 34 12,2B 00 33 D6 82 26 A6 D4 F3 28 E8 DC B9 65 AB 48 78 B3 25 A3,33,12,125000,4,16,18,1,1,1000000,32768,10000,0,2770704,8,56,6000,data/reference_phy/reference/signalout_000043_fulltrim.cfile,reference/signalout_000043_fulltrim.cfile,490C7ABD814513FECB1FF2EE23A7ED6A8B5E4D70C8A6959670E0980A9C984223,data/reference_phy/metadata/000043.json,data/raw/packet_reference.txt,AF79F08533A645313F54B0A2ECC01832832ABBA15D9CFE93A2880FAF9CD36D61
44,44,0,44,40 44 33 22 11 00 01 00 58 2C 00 CC 13 D6 81 B0 3B 34 2A E6 66 43 E7 D0 DB CA F2 52 FA 78 56 34 12,2C 00 CC 13 D6 81 B0 3B 34 2A E6 66 43 E7 D0 DB CA F2 52 FA,33,12,125000,4,16,18,1,1,1000000,32768,10000,0,2770704,8,56,6000,data/reference_phy/reference/signalout_000044_fulltrim.cfile,reference/signalout_000044_fulltrim.cfile,BD09CA395B4F61AA6C93B40084D1AEC8366D40F2DD46F6DE90E3BA8983ECB41B,data/reference_phy/metadata/000044.json,data/raw/packet_reference.txt,AF79F08533A645313F54B0A2ECC01832832ABBA15D9CFE93A2880FAF9CD36D61
45,45,0,45,40 44 33 22 11 00 01 00 58 2D 00 B4 CF 59 3F 73 79 23 AB 57 39 D1 B4 DF B8 F0 0F D5 82 78 56 34 12,2D 00 B4 CF 59 3F 73 79 23 AB 57 39 D1 B4 DF B8 F0 0F D5 82,33,12,125000,4,16,18,1,1,1000000,32768,10000,0,2770704,8,56,6000,data/reference_phy/reference/signalout_000045_fulltrim.cfile,reference/signalout_000045_fulltrim.cfile,618F0F8DB6C7E270076EA3F7BFA48DE685DF1A84C7BD6E840CEA9994B7A5D854,data/reference_phy/metadata/000045.json,data/raw/packet_reference.txt,AF79F08533A645313F54B0A2ECC01832832ABBA15D9CFE93A2880FAF9CD36D61
46,46,0,46,40 44 33 22 11 00 01 00 58 2E 00 AA 5E F5 C8 74 80 62 28 AD 70 94 CC F3 B2 D1 A6 F3 5A 78 56 34 12,2E 00 AA 5E F5 C8 74 80 62 28 AD 70 94 CC F3 B2 D1 A6 F3 5A,33,12,125000,4,16,18,1,1,1000000,32768,10000,0,2770704,8,56,6000,data/reference_phy/reference/signalout_000046_fulltrim.cfile,reference/signalout_000046_fulltrim.cfile,2C47F5E39CE309EE6022CFE6C4E413FF1B88C0DD282F596D18F1D74355F7250F,data/reference_phy/metadata/000046.json,data/raw/packet_reference.txt,AF79F08533A645313F54B0A2ECC01832832ABBA15D9CFE93A2880FAF9CD36D61
47,47,0,47,40 44 33 22 11 00 01 00 58 2F 00 D9 69 FF 2E F7 2C 2B 15 F7 E4 6C 66 AD 5E 5E 44 B0 54 78 56 34 12,2F 00 D9 69 FF 2E F7 2C 2B 15 F7 E4 6C 66 AD 5E 5E 44 B0 54,33,12,125000,4,16,18,1,1,1000000,32768,10000,0,2770704,8,56,6000,data/reference_phy/reference/signalout_000047_fulltrim.cfile,reference/signalout_000047_fulltrim.cfile,183C1940AEA39841078D023558F5156B17F863CAF3EF9064EC9C28A19935C92D,data/reference_phy/metadata/000047.json,data/raw/packet_reference.txt,AF79F08533A645313F54B0A2ECC01832832ABBA15D9CFE93A2880FAF9CD36D61
48,48,0,48,40 44 33 22 11 00 01 00 58 30 00 66 68 25 48 BA DF C9 0E BF 17 9B A4 6B C2 F0 34 5E 3A 78 56 34 12,30 00 66 68 25 48 BA DF C9 0E BF 17 9B A4 6B C2 F0 34 5E 3A,33,12,125000,4,16,18,1,1,1000000,32768,10000,0,2770704,8,56,6000,data/reference_phy/reference/signalout_000048_fulltrim.cfile,reference/signalout_000048_fulltrim.cfile,DBE99383A9C1FD9E280E70FEF6E04DE05A5F3548C59B503D064D224C59CB09CD,data/reference_phy/metadata/000048.json,data/raw/packet_reference.txt,AF79F08533A645313F54B0A2ECC01832832ABBA15D9CFE93A2880FAF9CD36D61
49,49,0,49,40 44 33 22 11 00 01 00 58 31 00 0E 4F FD 4B 29 AE C5 17 3A BB D4 55 22 4B 34 BD 3B 54 78 56 34 12,31 00 0E 4F FD 4B 29 AE C5 17 3A BB D4 55 22 4B 34 BD 3B 54,33,12,125000,4,16,18,1,1,1000000,32768,10000,0,2770704,8,56,6000,data/reference_phy/reference/signalout_000049_fulltrim.cfile,reference/signalout_000049_fulltrim.cfile,0F648A2DA68B968DF1C3810F7E201C526327A2F1318DC5CAE078357728C3903C,data/reference_phy/metadata/000049.json,data/raw/packet_reference.txt,AF79F08533A645313F54B0A2ECC01832832ABBA15D9CFE93A2880FAF9CD36D61
50,50,0,50,40 44 33 22 11 00 01 00 58 32 00 13 01 B3 EE 27 67 4D 23 F1 E1 68 0E 1B 88 FA 5C 61 00 78 56 34 12,32 00 13 01 B3 EE 27 67 4D 23 F1 E1 68 0E 1B 88 FA 5C 61 00,33,12,125000,4,16,18,1,1,1000000,32768,10000,0,2770704,8,56,6000,data/reference_phy/reference/signalout_000050_fulltrim.cfile,reference/signalout_000050_fulltrim.cfile,86E8C7278B9D45CECAC1F3FDCA9373EBA80CC674F702FF33668130459C43E2A9,data/reference_phy/metadata/000050.json,data/raw/packet_reference.txt,AF79F08533A645313F54B0A2ECC01832832ABBA15D9CFE93A2880FAF9CD36D61
51,51,0,51,40 44 33 22 11 00 01 00 58 33 00 37 A8 93 85 D8 75 E5 FC 3D 82 47 4C 40 63 71 E6 C1 39 78 56 34 12,33 00 37 A8 93 85 D8 75 E5 FC 3D 82 47 4C 40 63 71 E6 C1 39,33,12,125000,4,16,18,1,1,1000000,32768,10000,0,2770704,8,56,6000,data/reference_phy/reference/signalout_000051_fulltrim.cfile,reference/signalout_000051_fulltrim.cfile,9C43388E7519A0D2B90F9E26A3A975107EAD4988E0116400BC38051FC3E206F6,data/reference_phy/metadata/000051.json,data/raw/packet_reference.txt,AF79F08533A645313F54B0A2ECC01832832ABBA15D9CFE93A2880FAF9CD36D61
52,52,0,52,40 44 33 22 11 00 01 00 58 34 00 50 FD 61 AD D0 7F 21 96 9A DF 97 05 C7 34 01 D6 02 1D 78 56 34 12,34 00 50 FD 61 AD D0 7F 21 96 9A DF 97 05 C7 34 01 D6 02 1D,33,12,125000,4,16,18,1,1,1000000,32768,10000,0,2770704,8,56,6000,data/reference_phy/reference/signalout_000052_fulltrim.cfile,reference/signalout_000052_fulltrim.cfile,E7FC87F92E1B0CBE5ED150660ABBF10F4A452A4CD888748F2CE8362A6229F7DF,data/reference_phy/metadata/000052.json,data/raw/packet_reference.txt,AF79F08533A645313F54B0A2ECC01832832ABBA15D9CFE93A2880FAF9CD36D61
53,53,0,53,40 44 33 22 11 00 01 00 58 35 00 38 02 76 77 7E 0F B0 C3 75 5D 21 FA F9 16 5A C2 C3 E1 78 56 34 12,35 00 38 02 76 77 7E 0F B0 C3 75 5D 21 FA F9 16 5A C2 C3 E1,33,12,125000,4,16,18,1,1,1000000,32768,10000,0,2770704,8,56,6000,data/reference_phy/reference/signalout_000053_fulltrim.cfile,reference/signalout_000053_fulltrim.cfile,AA54C5E4B89BD72FF172669F0425B93471C4A22292780377DBDC12BA19469A8B,data/reference_phy/metadata/000053.json,data/raw/packet_reference.txt,AF79F08533A645313F54B0A2ECC01832832ABBA15D9CFE93A2880FAF9CD36D61
54,54,0,54,40 44 33 22 11 00 01 00 58 36 00 14 1F C9 DB C7 0D B4 33 1E 1C AE 03 3A 49 BD 56 C2 D0 78 56 34 12,36 00 14 1F C9 DB C7 0D B4 33 1E 1C AE 03 3A 49 BD 56 C2 D0,33,12,125000,4,16,18,1,1,1000000,32768,10000,0,2770704,8,56,6000,data/reference_phy/reference/signalout_000054_fulltrim.cfile,reference/signalout_000054_fulltrim.cfile,3D8DF476D047D5B2A806C3D8642390C53F08494B211E42892E829F43B6D49EBD,data/reference_phy/metadata/000054.json,data/raw/packet_reference.txt,AF79F08533A645313F54B0A2ECC01832832ABBA15D9CFE93A2880FAF9CD36D61
55,55,0,55,40 44 33 22 11 00 01 00 58 37 00 CC 52 21 79 C0 97 EB 29 37 5B 2D 87 9C D5 D2 DC E3 4F 78 56 34 12,37 00 CC 52 21 79 C0 97 EB 29 37 5B 2D 87 9C D5 D2 DC E3 4F,33,12,125000,4,16,18,1,1,1000000,32768,10000,0,2770704,8,56,6000,data/reference_phy/reference/signalout_000055_fulltrim.cfile,reference/signalout_000055_fulltrim.cfile,1AF96670400D5B42E5FD509D0CFD2C2C5DB7500E2B8C09FB8126B09DF95297C7,data/reference_phy/metadata/000055.json,data/raw/packet_reference.txt,AF79F08533A645313F54B0A2ECC01832832ABBA15D9CFE93A2880FAF9CD36D61
56,56,0,56,40 44 33 22 11 00 01 00 58 38 00 B7 26 94 89 CA 31 1E ED EC 21 4D E2 65 E9 94 0C 66 48 78 56 34 12,38 00 B7 26 94 89 CA 31 1E ED EC 21 4D E2 65 E9 94 0C 66 48,33,12,125000,4,16,18,1,1,1000000,32768,10000,0,2770704,8,56,6000,data/reference_phy/reference/signalout_000056_fulltrim.cfile,reference/signalout_000056_fulltrim.cfile,CF4915D85B216D3E9D92BAA99A261150162739266AA09DCF12A3C5DC68049B6E,data/reference_phy/metadata/000056.json,data/raw/packet_reference.txt,AF79F08533A645313F54B0A2ECC01832832ABBA15D9CFE93A2880FAF9CD36D61
57,57,0,57,40 44 33 22 11 00 01 00 58 39 00 98 E5 48 B0 B8 C0 F6 3B B1 8D DE C8 DE AF 3B 58 83 B8 78 56 34 12,39 00 98 E5 48 B0 B8 C0 F6 3B B1 8D DE C8 DE AF 3B 58 83 B8,33,12,125000,4,16,18,1,1,1000000,32768,10000,0,2770704,8,56,6000,data/reference_phy/reference/signalout_000057_fulltrim.cfile,reference/signalout_000057_fulltrim.cfile,08E1F53E9C6F5027D6D06E31274D3DD808BC775AFB9DECA87844A34E5F934547,data/reference_phy/metadata/000057.json,data/raw/packet_reference.txt,AF79F08533A645313F54B0A2ECC01832832ABBA15D9CFE93A2880FAF9CD36D61
58,58,0,58,40 44 33 22 11 00 01 00 58 3A 00 C0 A1 76 7F 93 9B 0D B1 DA A5 68 61 B0 56 12 4C 65 EC 78 56 34 12,3A 00 C0 A1 76 7F 93 9B 0D B1 DA A5 68 61 B0 56 12 4C 65 EC,33,12,125000,4,16,18,1,1,1000000,32768,10000,0,2770704,8,56,6000,data/reference_phy/reference/signalout_000058_fulltrim.cfile,reference/signalout_000058_fulltrim.cfile,C6F7F5DDC7794D8BE2A05CDCDB81B54650E54CE72B01197BC7EE2740532A91B4,data/reference_phy/metadata/000058.json,data/raw/packet_reference.txt,AF79F08533A645313F54B0A2ECC01832832ABBA15D9CFE93A2880FAF9CD36D61
59,59,0,59,40 44 33 22 11 00 01 00 58 3B 00 DB 97 62 37 30 5E 98 B9 E2 EC A2 3F 65 2D 07 06 22 89 78 56 34 12,3B 00 DB 97 62 37 30 5E 98 B9 E2 EC A2 3F 65 2D 07 06 22 89,33,12,125000,4,16,18,1,1,1000000,32768,10000,0,2770704,8,56,6000,data/reference_phy/reference/signalout_000059_fulltrim.cfile,reference/signalout_000059_fulltrim.cfile,6717BB71E5D084FA17A064BA982C2566CB7FD9E3888B929D6105792F8C872266,data/reference_phy/metadata/000059.json,data/raw/packet_reference.txt,AF79F08533A645313F54B0A2ECC01832832ABBA15D9CFE93A2880FAF9CD36D61
60,60,0,60,40 44 33 22 11 00 01 00 58 3C 00 2E 6D 08 D5 B1 96 68 36 0A 2D 50 3F C1 5C D6 A7 AF 84 78 56 34 12,3C 00 2E 6D 08 D5 B1 96 68 36 0A 2D 50 3F C1 5C D6 A7 AF 84,33,12,125000,4,16,18,1,1,1000000,32768,10000,0,2770704,8,56,6000,data/reference_phy/reference/signalout_000060_fulltrim.cfile,reference/signalout_000060_fulltrim.cfile,6632B8FCF7E40213DB326344DB2233461455104C2C22D4399917419E33C30868,data/reference_phy/metadata/000060.json,data/raw/packet_reference.txt,AF79F08533A645313F54B0A2ECC01832832ABBA15D9CFE93A2880FAF9CD36D61
61,61,0,61,40 44 33 22 11 00 01 00 58 3D 00 05 C5 5D 20 40 85 72 84 9C 83 FD 41 C8 85 4E 6E 2A 68 78 56 34 12,3D 00 05 C5 5D 20 40 85 72 84 9C 83 FD 41 C8 85 4E 6E 2A 68,33,12,125000,4,16,18,1,1,1000000,32768,10000,0,2770704,8,56,6000,data/reference_phy/reference/signalout_000061_fulltrim.cfile,reference/signalout_000061_fulltrim.cfile,EA361DF2FA26FFE0BA513CF416250B75C0257C772A4C0ED01981BAD733C3C3C1,data/reference_phy/metadata/000061.json,data/raw/packet_reference.txt,AF79F08533A645313F54B0A2ECC01832832ABBA15D9CFE93A2880FAF9CD36D61
62,62,0,62,40 44 33 22 11 00 01 00 58 3E 00 F5 25 F0 75 CE 7B 9D CD D5 FD B4 64 59 97 41 42 AA 50 78 56 34 12,3E 00 F5 25 F0 75 CE 7B 9D CD D5 FD B4 64 59 97 41 42 AA 50,33,12,125000,4,16,18,1,1,1000000,32768,10000,0,2770704,8,56,6000,data/reference_phy/reference/signalout_000062_fulltrim.cfile,reference/signalout_000062_fulltrim.cfile,E65B5E1C6064895E2429CAB9B23CF23C68D9CA36D38F3462665CDD9DD5430EE9,data/reference_phy/metadata/000062.json,data/raw/packet_reference.txt,AF79F08533A645313F54B0A2ECC01832832ABBA15D9CFE93A2880FAF9CD36D61
63,63,0,63,40 44 33 22 11 00 01 00 58 3F 00 D6 88 12 98 A8 1F 6C 6E FA 11 F6 71 CC 48 83 6F B5 B6 78 56 34 12,3F 00 D6 88 12 98 A8 1F 6C 6E FA 11 F6 71 CC 48 83 6F B5 B6,33,12,125000,4,16,18,1,1,1000000,32768,10000,0,2770704,8,56,6000,data/reference_phy/reference/signalout_000063_fulltrim.cfile,reference/signalout_000063_fulltrim.cfile,E364F515AEF9996ECF86BF593F19A45C1EACB540E6D915DF05E4A05E31E36A03,data/reference_phy/metadata/000063.json,data/raw/packet_reference.txt,AF79F08533A645313F54B0A2ECC01832832ABBA15D9CFE93A2880FAF9CD36D61
64,64,0,64,40 44 33 22 11 00 01 00 58 40 00 03 C2 6B D5 1D 44 0E E5 55 A0 2A 6B 16 F0 8F 68 37 A3 78 56 34 12,40 00 03 C2 6B D5 1D 44 0E E5 55 A0 2A 6B 16 F0 8F 68 37 A3,33,12,125000,4,16,18,1,1,1000000,32768,10000,0,2770704,8,56,6000,data/reference_phy/reference/signalout_000064_fulltrim.cfile,reference/signalout_000064_fulltrim.cfile,F830D9C463287703C2EED938FC0A5B697D1CAFE6ABB4928C83CC953500E875FA,data/reference_phy/metadata/000064.json,data/raw/packet_reference.txt,AF79F08533A645313F54B0A2ECC01832832ABBA15D9CFE93A2880FAF9CD36D61
65,65,0,65,40 44 33 22 11 00 01 00 58 41 00 E6 6B A1 2C D6 79 D4 3C 13 FA 08 1C 7A E2 9B E2 1C B5 78 56 34 12,41 00 E6 6B A1 2C D6 79 D4 3C 13 FA 08 1C 7A E2 9B E2 1C B5,33,12,125000,4,16,18,1,1,1000000,32768,10000,0,2770704,8,56,6000,data/reference_phy/reference/signalout_000065_fulltrim.cfile,reference/signalout_000065_fulltrim.cfile,DAD5BA7E03783352E47A458331DA57E4CA7B870AFE2228B677753619795CE7EA,data/reference_phy/metadata/000065.json,data/raw/packet_reference.txt,AF79F08533A645313F54B0A2ECC01832832ABBA15D9CFE93A2880FAF9CD36D61
66,66,0,66,40 44 33 22 11 00 01 00 58 42 00 C3 F6 6E CF B0 F5 5A F9 F3 9E 3A 2C C0 7E 9F 9D CC 9D 78 56 34 12,42 00 C3 F6 6E CF B0 F5 5A F9 F3 9E 3A 2C C0 7E 9F 9D CC 9D,33,12,125000,4,16,18,1,1,1000000,32768,10000,0,2770704,8,56,6000,data/reference_phy/reference/signalout_000066_fulltrim.cfile,reference/signalout_000066_fulltrim.cfile,654735480ACD1C9D4E9D84804E798287A568DA1F807BD75A2468F5AA07A6A8A3,data/reference_phy/metadata/000066.json,data/raw/packet_reference.txt,AF79F08533A645313F54B0A2ECC01832832ABBA15D9CFE93A2880FAF9CD36D61
67,67,0,67,40 44 33 22 11 00 01 00 58 43 00 30 B6 51 FB 4F B7 18 55 1B 5D C5 6D F6 E2 41 93 79 BE 78 56 34 12,43 00 30 B6 51 FB 4F B7 18 55 1B 5D C5 6D F6 E2 41 93 79 BE,33,12,125000,4,16,18,1,1,1000000,32768,10000,0,2770704,8,56,6000,data/reference_phy/reference/signalout_000067_fulltrim.cfile,reference/signalout_000067_fulltrim.cfile,730D35B3698160C02E7F4FCBD36C7E5FC219D24E252FCE3188ED2587B55DE247,data/reference_phy/metadata/000067.json,data/raw/packet_reference.txt,AF79F08533A645313F54B0A2ECC01832832ABBA15D9CFE93A2880FAF9CD36D61
68,68,0,68,40 44 33 22 11 00 01 00 58 44 00 F8 44 84 DB CA 96 23 5E 23 67 6B 3B F2 2F B7 BF D8 8A 78 56 34 12,44 00 F8 44 84 DB CA 96 23 5E 23 67 6B 3B F2 2F B7 BF D8 8A,33,12,125000,4,16,18,1,1,1000000,32768,10000,0,2770704,8,56,6000,data/reference_phy/reference/signalout_000068_fulltrim.cfile,reference/signalout_000068_fulltrim.cfile,69A2A6584E792682F5C30D0E8AAC6BFAF9C415700A3B6BDEAF8F377AFC63B635,data/reference_phy/metadata/000068.json,data/raw/packet_reference.txt,AF79F08533A645313F54B0A2ECC01832832ABBA15D9CFE93A2880FAF9CD36D61
69,69,0,69,40 44 33 22 11 00 01 00 58 45 00 89 3C 82 E7 AD 2F AD 53 F7 2B 0A 58 88 18 57 BD 44 38 78 56 34 12,45 00 89 3C 82 E7 AD 2F AD 53 F7 2B 0A 58 88 18 57 BD 44 38,33,12,125000,4,16,18,1,1,1000000,32768,10000,0,2770704,8,56,6000,data/reference_phy/reference/signalout_000069_fulltrim.cfile,reference/signalout_000069_fulltrim.cfile,FE8549A4219566E4651D48169AF2BBFC3B74AFD17AF2876CA6771C3D600F2A11,data/reference_phy/metadata/000069.json,data/raw/packet_reference.txt,AF79F08533A645313F54B0A2ECC01832832ABBA15D9CFE93A2880FAF9CD36D61
70,70,0,70,40 44 33 22 11 00 01 00 58 46 00 19 DE F6 55 85 4C E3 C1 30 B6 0B C0 AF B5 25 49 3E F8 78 56 34 12,46 00 19 DE F6 55 85 4C E3 C1 30 B6 0B C0 AF B5 25 49 3E F8,33,12,125000,4,16,18,1,1,1000000,32768,10000,0,2770704,8,56,6000,data/reference_phy/reference/signalout_000070_fulltrim.cfile,reference/signalout_000070_fulltrim.cfile,6421540C3D60A609526C67E2969A3F836FD053B1DD9DA4DC1FDF5089DE858A3F,data/reference_phy/metadata/000070.json,data/raw/packet_reference.txt,AF79F08533A645313F54B0A2ECC01832832ABBA15D9CFE93A2880FAF9CD36D61
71,71,0,71,40 44 33 22 11 00 01 00 58 47 00 47 40 B4 D9 21 83 40 FC A8 54 9F B6 0D A1 13 A5 9B 39 78 56 34 12,47 00 47 40 B4 D9 21 83 40 FC A8 54 9F B6 0D A1 13 A5 9B 39,33,12,125000,4,16,18,1,1,1000000,32768,10000,0,2770704,8,56,6000,data/reference_phy/reference/signalout_000071_fulltrim.cfile,reference/signalout_000071_fulltrim.cfile,E462933C5B4F34EE6B44B85AF0E4E89A3597EA2664F33F89C1671F84630DBCC8,data/reference_phy/metadata/000071.json,data/raw/packet_reference.txt,AF79F08533A645313F54B0A2ECC01832832ABBA15D9CFE93A2880FAF9CD36D61
72,72,0,72,40 44 33 22 11 00 01 00 58 48 00 51 96 FF 18 AE 4E 47 96 1D 0A 8D 1D C4 D2 CA 4B 5A 1D 78 56 34 12,48 00 51 96 FF 18 AE 4E 47 96 1D 0A 8D 1D C4 D2 CA 4B 5A 1D,33,12,125000,4,16,18,1,1,1000000,32768,10000,0,2770704,8,56,6000,data/reference_phy/reference/signalout_000072_fulltrim.cfile,reference/signalout_000072_fulltrim.cfile,1F0F9F84634C38B44946DC50207B15C4D6017C62FD43A17F812785C7CC2C6A3B,data/reference_phy/metadata/000072.json,data/raw/packet_reference.txt,AF79F08533A645313F54B0A2ECC01832832ABBA15D9CFE93A2880FAF9CD36D61
73,73,0,73,40 44 33 22 11 00 01 00 58 49 00 98 CF B6 0D 06 EC EA 47 3D E4 2D 27 2D D7 5C 73 7A F1 78 56 34 12,49 00 98 CF B6 0D 06 EC EA 47 3D E4 2D 27 2D D7 5C 73 7A F1,33,12,125000,4,16,18,1,1,1000000,32768,10000,0,2770704,8,56,6000,data/reference_phy/reference/signalout_000073_fulltrim.cfile,reference/signalout_000073_fulltrim.cfile,A41A7A575CFBAA34CA2D29494C9354938933AF77B531DA420028BF8B37B17136,data/reference_phy/metadata/000073.json,data/raw/packet_reference.txt,AF79F08533A645313F54B0A2ECC01832832ABBA15D9CFE93A2880FAF9CD36D61
74,74,0,74,40 44 33 22 11 00 01 00 58 4A 00 9A 82 5A 75 A7 4D 90 30 B5 E5 0E F6 29 5C 8F 16 4E 18 78 56 34 12,4A 00 9A 82 5A 75 A7 4D 90 30 B5 E5 0E F6 29 5C 8F 16 4E 18,33,12,125000,4,16,18,1,1,1000000,32768,10000,0,2770704,8,56,6000,data/reference_phy/reference/signalout_000074_fulltrim.cfile,reference/signalout_000074_fulltrim.cfile,AAA416FA1DB2D7BF55E9A9DB6D11B546BF9728463718205F43F869DC726F9290,data/reference_phy/metadata/000074.json,data/raw/packet_reference.txt,AF79F08533A645313F54B0A2ECC01832832ABBA15D9CFE93A2880FAF9CD36D61
75,75,0,75,40 44 33 22 11 00 01 00 58 4B 00 0F 42 CA A1 A1 BD 98 5E 64 1C 02 9C 8C 6F 59 C9 FC 11 78 56 34 12,4B 00 0F 42 CA A1 A1 BD 98 5E 64 1C 02 9C 8C 6F 59 C9 FC 11,33,12,125000,4,16,18,1,1,1000000,32768,10000,0,2770704,8,56,6000,data/reference_phy/reference/signalout_000075_fulltrim.cfile,reference/signalout_000075_fulltrim.cfile,7DABD3A5383E7E99AA4E5E23D01BA71FF6844C6D77D550720553FDC889534D88,data/reference_phy/metadata/000075.json,data/raw/packet_reference.txt,AF79F08533A645313F54B0A2ECC01832832ABBA15D9CFE93A2880FAF9CD36D61
76,76,0,76,40 44 33 22 11 00 01 00 58 4C 00 5C C5 17 BB EF BA 53 57 2B 25 72 AA 50 30 3D 44 5F 09 78 56 34 12,4C 00 5C C5 17 BB EF BA 53 57 2B 25 72 AA 50 30 3D 44 5F 09,33,12,125000,4,16,18,1,1,1000000,32768,10000,0,2770704,8,56,6000,data/reference_phy/reference/signalout_000076_fulltrim.cfile,reference/signalout_000076_fulltrim.cfile,64E31C15051068E4C62A2D54C535B7CEBDEEBC20DD41C4708C379ACE7DD05F27,data/reference_phy/metadata/000076.json,data/raw/packet_reference.txt,AF79F08533A645313F54B0A2ECC01832832ABBA15D9CFE93A2880FAF9CD36D61
77,77,0,77,40 44 33 22 11 00 01 00 58 4D 00 56 A5 22 04 57 27 53 43 46 1A F6 4D 17 D4 EB 05 61 89 78 56 34 12,4D 00 56 A5 22 04 57 27 53 43 46 1A F6 4D 17 D4 EB 05 61 89,33,12,125000,4,16,18,1,1,1000000,32768,10000,0,2770704,8,56,6000,data/reference_phy/reference/signalout_000077_fulltrim.cfile,reference/signalout_000077_fulltrim.cfile,C6EE4C6797A5EEF8234454FD4B08A30822D04AC6DE83A0B266D863A1C98581A7,data/reference_phy/metadata/000077.json,data/raw/packet_reference.txt,AF79F08533A645313F54B0A2ECC01832832ABBA15D9CFE93A2880FAF9CD36D61
78,78,0,78,40 44 33 22 11 00 01 00 58 4E 00 F2 4A 38 45 A3 96 3A DD E4 AC 51 03 73 E3 81 6F 6A 7B 78 56 34 12,4E 00 F2 4A 38 45 A3 96 3A DD E4 AC 51 03 73 E3 81 6F 6A 7B,33,12,125000,4,16,18,1,1,1000000,32768,10000,0,2770704,8,56,6000,data/reference_phy/reference/signalout_000078_fulltrim.cfile,reference/signalout_000078_fulltrim.cfile,C5B2E1AA3BA7D70376781223D66C8DD5A8D20D9F95E1BFA2F7CEA5CA1A390459,data/reference_phy/metadata/000078.json,data/raw/packet_reference.txt,AF79F08533A645313F54B0A2ECC01832832ABBA15D9CFE93A2880FAF9CD36D61
79,79,0,79,40 44 33 22 11 00 01 00 58 4F 00 69 81 D5 D9 B5 AC 7E FF 42 DC 5B 23 35 AD D0 B4 4C 1D 78 56 34 12,4F 00 69 81 D5 D9 B5 AC 7E FF 42 DC 5B 23 35 AD D0 B4 4C 1D,33,12,125000,4,16,18,1,1,1000000,32768,10000,0,2770704,8,56,6000,data/reference_phy/reference/signalout_000079_fulltrim.cfile,reference/signalout_000079_fulltrim.cfile,A8476A48FCBC99494D2647F651D6188CBBC2FF1069DB7623F08C12A2539F3788,data/reference_phy/metadata/000079.json,data/raw/packet_reference.txt,AF79F08533A645313F54B0A2ECC01832832ABBA15D9CFE93A2880FAF9CD36D61
80,80,0,80,40 44 33 22 11 00 01 00 58 50 00 DD 77 FE D8 0E 5D 3E B2 9A 65 78 B2 D8 2F B8 A7 5F C3 78 56 34 12,50 00 DD 77 FE D8 0E 5D 3E B2 9A 65 78 B2 D8 2F B8 A7 5F C3,33,12,125000,4,16,18,1,1,1000000,32768,10000,0,2770704,8,56,6000,data/reference_phy/reference/signalout_000080_fulltrim.cfile,reference/signalout_000080_fulltrim.cfile,11517B00F5F71C6E50F258A679A29BD14BA6276E081C546A1D39027C5B47EC13,data/reference_phy/metadata/000080.json,data/raw/packet_reference.txt,AF79F08533A645313F54B0A2ECC01832832ABBA15D9CFE93A2880FAF9CD36D61
81,81,0,81,40 44 33 22 11 00 01 00 58 51 00 23 E6 3A 57 4E 28 A3 06 16 E6 74 45 D9 89 81 DD 0F 08 78 56 34 12,51 00 23 E6 3A 57 4E 28 A3 06 16 E6 74 45 D9 89 81 DD 0F 08,33,12,125000,4,16,18,1,1,1000000,32768,10000,0,2770704,8,56,6000,data/reference_phy/reference/signalout_000081_fulltrim.cfile,reference/signalout_000081_fulltrim.cfile,40A9B0DFA20171528490CBA034CF816581EADB492059ED52B92693EAEC9342AB,data/reference_phy/metadata/000081.json,data/raw/packet_reference.txt,AF79F08533A645313F54B0A2ECC01832832ABBA15D9CFE93A2880FAF9CD36D61
82,82,0,82,40 44 33 22 11 00 01 00 58 52 00 AA 5D 60 0B 9C B3 01 BC 3E CF E9 82 95 71 2D 4E DC 08 78 56 34 12,52 00 AA 5D 60 0B 9C B3 01 BC 3E CF E9 82 95 71 2D 4E DC 08,33,12,125000,4,16,18,1,1,1000000,32768,10000,0,2770704,8,56,6000,data/reference_phy/reference/signalout_000082_fulltrim.cfile,reference/signalout_000082_fulltrim.cfile,8BB18E1C5E7F2BD1800666BB5A540C9381272948E347E51CD5C814FF25DF1170,data/reference_phy/metadata/000082.json,data/raw/packet_reference.txt,AF79F08533A645313F54B0A2ECC01832832ABBA15D9CFE93A2880FAF9CD36D61
83,83,0,83,40 44 33 22 11 00 01 00 58 53 00 15 61 5A 9F 33 3F C9 DA 4D 71 FC A2 0E 37 05 71 A0 4C 78 56 34 12,53 00 15 61 5A 9F 33 3F C9 DA 4D 71 FC A2 0E 37 05 71 A0 4C,33,12,125000,4,16,18,1,1,1000000,32768,10000,0,2770704,8,56,6000,data/reference_phy/reference/signalout_000083_fulltrim.cfile,reference/signalout_000083_fulltrim.cfile,19CAD2D0227CA3F7471BA9848DBC41A1B35D0FFC0DDBF1D91DBA1FBADF13B594,data/reference_phy/metadata/000083.json,data/raw/packet_reference.txt,AF79F08533A645313F54B0A2ECC01832832ABBA15D9CFE93A2880FAF9CD36D61
84,84,0,84,40 44 33 22 11 00 01 00 58 54 00 FF D4 65 5F B1 9F 66 3E 2D A5 69 90 8E 65 DA 84 A4 CF 78 56 34 12,54 00 FF D4 65 5F B1 9F 66 3E 2D A5 69 90 8E 65 DA 84 A4 CF,33,12,125000,4,16,18,1,1,1000000,32768,10000,0,2770704,8,56,6000,data/reference_phy/reference/signalout_000084_fulltrim.cfile,reference/signalout_000084_fulltrim.cfile,7D1E3BB0589A596F813385870161F2E1EEBDD36208C8E1CB404A73266C95F62A,data/reference_phy/metadata/000084.json,data/raw/packet_reference.txt,AF79F08533A645313F54B0A2ECC01832832ABBA15D9CFE93A2880FAF9CD36D61
85,85,0,85,40 44 33 22 11 00 01 00 58 55 00 71 81 C8 31 41 79 47 E9 25 02 F9 0A 76 38 8C A0 91 28 78 56 34 12,55 00 71 81 C8 31 41 79 47 E9 25 02 F9 0A 76 38 8C A0 91 28,33,12,125000,4,16,18,1,1,1000000,32768,10000,0,2770704,8,56,6000,data/reference_phy/reference/signalout_000085_fulltrim.cfile,reference/signalout_000085_fulltrim.cfile,927479726593E7B3F99B065E8ED4A84EAD88A69FF8704714B97904546FF2E538,data/reference_phy/metadata/000085.json,data/raw/packet_reference.txt,AF79F08533A645313F54B0A2ECC01832832ABBA15D9CFE93A2880FAF9CD36D61
86,86,0,86,40 44 33 22 11 00 01 00 58 56 00 86 FE 79 3F C2 AE F2 11 1D 80 61 F4 74 5F BA 51 65 7A 78 56 34 12,56 00 86 FE 79 3F C2 AE F2 11 1D 80 61 F4 74 5F BA 51 65 7A,33,12,125000,4,16,18,1,1,1000000,32768,10000,0,2770704,8,56,6000,data/reference_phy/reference/signalout_000086_fulltrim.cfile,reference/signalout_000086_fulltrim.cfile,7A21FCA7EE2D11EE503EFA1D2A652E5226A9FB7379C2417E21E0AA7BDAFE1E0B,data/reference_phy/metadata/000086.json,data/raw/packet_reference.txt,AF79F08533A645313F54B0A2ECC01832832ABBA15D9CFE93A2880FAF9CD36D61
87,87,0,87,40 44 33 22 11 00 01 00 58 57 00 A4 2A 12 8B 3B 25 7B 3A 85 D6 A0 C2 0E 56 C7 27 E6 65 78 56 34 12,57 00 A4 2A 12 8B 3B 25 7B 3A 85 D6 A0 C2 0E 56 C7 27 E6 65,33,12,125000,4,16,18,1,1,1000000,32768,10000,0,2770704,8,56,6000,data/reference_phy/reference/signalout_000087_fulltrim.cfile,reference/signalout_000087_fulltrim.cfile,0AF8D2FB3639E1A7740AB889C1C83607EEB123503E12AC0B74345869542A8D47,data/reference_phy/metadata/000087.json,data/raw/packet_reference.txt,AF79F08533A645313F54B0A2ECC01832832ABBA15D9CFE93A2880FAF9CD36D61
88,88,0,88,40 44 33 22 11 00 01 00 58 58 00 34 D9 A5 67 2D 27 44 AA AD BA 76 0F C8 D8 39 04 38 39 78 56 34 12,58 00 34 D9 A5 67 2D 27 44 AA AD BA 76 0F C8 D8 39 04 38 39,33,12,125000,4,16,18,1,1,1000000,32768,10000,0,2770704,8,56,6000,data/reference_phy/reference/signalout_000088_fulltrim.cfile,reference/signalout_000088_fulltrim.cfile,7C3486F894C52245787A62BA03CCECD83AB79987A037A1B38F4E60359AC050CB,data/reference_phy/metadata/000088.json,data/raw/packet_reference.txt,AF79F08533A645313F54B0A2ECC01832832ABBA15D9CFE93A2880FAF9CD36D61
89,89,0,89,40 44 33 22 11 00 01 00 58 59 00 98 D5 7F 4C 4F 9E 62 AE 0A 5E A3 DB 22 F2 9F 3C 03 AC 78 56 34 12,59 00 98 D5 7F 4C 4F 9E 62 AE 0A 5E A3 DB 22 F2 9F 3C 03 AC,33,12,125000,4,16,18,1,1,1000000,32768,10000,0,2770704,8,56,6000,data/reference_phy/reference/signalout_000089_fulltrim.cfile,reference/signalout_000089_fulltrim.cfile,A89818D5E75E8603BAE18D98BE575860C2A7DD45395AE4D7E4FF4A17A7B509F4,data/reference_phy/metadata/000089.json,data/raw/packet_reference.txt,AF79F08533A645313F54B0A2ECC01832832ABBA15D9CFE93A2880FAF9CD36D61
90,90,0,90,40 44 33 22 11 00 01 00 58 5A 00 EE 52 0F E8 77 82 30 60 13 8F B3 86 25 B2 D8 AC 84 48 78 56 34 12,5A 00 EE 52 0F E8 77 82 30 60 13 8F B3 86 25 B2 D8 AC 84 48,33,12,125000,4,16,18,1,1,1000000,32768,10000,0,2770704,8,56,6000,data/reference_phy/reference/signalout_000090_fulltrim.cfile,reference/signalout_000090_fulltrim.cfile,A8C7D2BB4CB75C2C37F99546D1221F354A56FA9DBBE4446EFF4901695E372239,data/reference_phy/metadata/000090.json,data/raw/packet_reference.txt,AF79F08533A645313F54B0A2ECC01832832ABBA15D9CFE93A2880FAF9CD36D61
91,91,0,91,40 44 33 22 11 00 01 00 58 5B 00 68 FB AC F5 46 C1 7D AB 47 0D 57 7B 2B BF 20 8A 7F D8 78 56 34 12,5B 00 68 FB AC F5 46 C1 7D AB 47 0D 57 7B 2B BF 20 8A 7F D8,33,12,125000,4,16,18,1,1,1000000,32768,10000,0,2770704,8,56,6000,data/reference_phy/reference/signalout_000091_fulltrim.cfile,reference/signalout_000091_fulltrim.cfile,C8EDA8D2BE545B97E7FEFAA47243A46D52901AC575C7F8D27B598F241C1A9849,data/reference_phy/metadata/000091.json,data/raw/packet_reference.txt,AF79F08533A645313F54B0A2ECC01832832ABBA15D9CFE93A2880FAF9CD36D61
92,92,0,92,40 44 33 22 11 00 01 00 58 5C 00 D0 A6 11 E2 AE D5 6E F5 B1 86 DD A2 2B 12 F7 ED C0 16 78 56 34 12,5C 00 D0 A6 11 E2 AE D5 6E F5 B1 86 DD A2 2B 12 F7 ED C0 16,33,12,125000,4,16,18,1,1,1000000,32768,10000,0,2770704,8,56,6000,data/reference_phy/reference/signalout_000092_fulltrim.cfile,reference/signalout_000092_fulltrim.cfile,A09D3E4E0CDFF48E5B12355D84A94FFC5CC2B634307A1DA00C21DA2636CCF13E,data/reference_phy/metadata/000092.json,data/raw/packet_reference.txt,AF79F08533A645313F54B0A2ECC01832832ABBA15D9CFE93A2880FAF9CD36D61
93,93,0,93,40 44 33 22 11 00 01 00 58 5D 00 D1 41 89 11 1E BB DD B4 B6 78 89 B3 DC A4 F9 BC 99 66 78 56 34 12,5D 00 D1 41 89 11 1E BB DD B4 B6 78 89 B3 DC A4 F9 BC 99 66,33,12,125000,4,16,18,1,1,1000000,32768,10000,0,2770704,8,56,6000,data/reference_phy/reference/signalout_000093_fulltrim.cfile,reference/signalout_000093_fulltrim.cfile,077AFC385AC4DD51041448D77AEA4A5DA2AE9AE793D9FE1C6A3BAFD62832D11B,data/reference_phy/metadata/000093.json,data/raw/packet_reference.txt,AF79F08533A645313F54B0A2ECC01832832ABBA15D9CFE93A2880FAF9CD36D61
94,94,0,94,40 44 33 22 11 00 01 00 58 5E 00 44 17 00 97 B7 A6 41 07 82 50 66 06 B7 CA FF 9E 51 CF 78 56 34 12,5E 00 44 17 00 97 B7 A6 41 07 82 50 66 06 B7 CA FF 9E 51 CF,33,12,125000,4,16,18,1,1,1000000,32768,10000,0,2770704,8,56,6000,data/reference_phy/reference/signalout_000094_fulltrim.cfile,reference/signalout_000094_fulltrim.cfile,8304D3ECA423CE4EB448B7E3404B1434F4E539BE2B3214DB19A2CE874A2C0C91,data/reference_phy/metadata/000094.json,data/raw/packet_reference.txt,AF79F08533A645313F54B0A2ECC01832832ABBA15D9CFE93A2880FAF9CD36D61
95,95,0,95,40 44 33 22 11 00 01 00 58 5F 00 E6 1C B5 69 CC AE 25 A3 7D E0 FB 1B 45 B6 61 CE 13 33 78 56 34 12,5F 00 E6 1C B5 69 CC AE 25 A3 7D E0 FB 1B 45 B6 61 CE 13 33,33,12,125000,4,16,18,1,1,1000000,32768,10000,0,2770704,8,56,6000,data/reference_phy/reference/signalout_000095_fulltrim.cfile,reference/signalout_000095_fulltrim.cfile,26489DCB6C2DF8148C442F3E6D3ED84574D9C88FD70AD48240DEF2DFE9863C5E,data/reference_phy/metadata/000095.json,data/raw/packet_reference.txt,AF79F08533A645313F54B0A2ECC01832832ABBA15D9CFE93A2880FAF9CD36D61
96,96,0,96,40 44 33 22 11 00 01 00 58 60 00 61 ED 59 F6 A6 CF DC 15 79 21 81 C2 2B 73 35 BB 86 3F 78 56 34 12,60 00 61 ED 59 F6 A6 CF DC 15 79 21 81 C2 2B 73 35 BB 86 3F,33,12,125000,4,16,18,1,1,1000000,32768,10000,0,2770704,8,56,6000,data/reference_phy/reference/signalout_000096_fulltrim.cfile,reference/signalout_000096_fulltrim.cfile,BF98D4A103E11AE2B041677B75ABF686DE8775CBDE6D4CCA9942B4A305EE5B69,data/reference_phy/metadata/000096.json,data/raw/packet_reference.txt,AF79F08533A645313F54B0A2ECC01832832ABBA15D9CFE93A2880FAF9CD36D61
97,97,0,97,40 44 33 22 11 00 01 00 58 61 00 49 A9 A2 AE 6B 49 1A A7 F7 75 62 30 8F 72 B4 44 E3 C1 78 56 34 12,61 00 49 A9 A2 AE 6B 49 1A A7 F7 75 62 30 8F 72 B4 44 E3 C1,33,12,125000,4,16,18,1,1,1000000,32768,10000,0,2770704,8,56,6000,data/reference_phy/reference/signalout_000097_fulltrim.cfile,reference/signalout_000097_fulltrim.cfile,AE625C1D37827263083BADD3B406A06ACCE3D7503388078F217E590F3FCDA2B5,data/reference_phy/metadata/000097.json,data/raw/packet_reference.txt,AF79F08533A645313F54B0A2ECC01832832ABBA15D9CFE93A2880FAF9CD36D61
98,98,0,98,40 44 33 22 11 00 01 00 58 62 00 73 CF DA 6A 1D F9 55 AD 75 85 88 16 09 F2 CF 95 35 A5 78 56 34 12,62 00 73 CF DA 6A 1D F9 55 AD 75 85 88 16 09 F2 CF 95 35 A5,33,12,125000,4,16,18,1,1,1000000,32768,10000,0,2770704,8,56,6000,data/reference_phy/reference/signalout_000098_fulltrim.cfile,reference/signalout_000098_fulltrim.cfile,61E1B40BDCF64F026810BB32D2A936F095346A11B0114412845ECC084165405F,data/reference_phy/metadata/000098.json,data/raw/packet_reference.txt,AF79F08533A645313F54B0A2ECC01832832ABBA15D9CFE93A2880FAF9CD36D61
99,99,0,99,40 44 33 22 11 00 01 00 58 63 00 DE 9D 75 A9 21 B3 DA 00 91 17 3D 5C DD 89 1B CA E4 51 78 56 34 12,63 00 DE 9D 75 A9 21 B3 DA 00 91 17 3D 5C DD 89 1B CA E4 51,33,12,125000,4,16,18,1,1,1000000,32768,10000,0,2770704,8,56,6000,data/reference_phy/reference/signalout_000099_fulltrim.cfile,reference/signalout_000099_fulltrim.cfile,A766EE4A740A13003E30CA1E81260DF6A033766798C45F12240BEB568A796367,data/reference_phy/metadata/000099.json,data/raw/packet_reference.txt,AF79F08533A645313F54B0A2ECC01832832ABBA15D9CFE93A2880FAF9CD36D61
100,100,0,100,40 44 33 22 11 00 01 00 58 64 00 28 B5 18 5E 7F 7B BE 71 2F E6 E7 DB 0B AF C2 2F 6E 9C 78 56 34 12,64 00 28 B5 18 5E 7F 7B BE 71 2F E6 E7 DB 0B AF C2 2F 6E 9C,33,12,125000,4,16,18,1,1,1000000,32768,10000,0,2770704,8,56,6000,data/reference_phy/reference/signalout_000100_fulltrim.cfile,reference/signalout_000100_fulltrim.cfile,5807D5AC810A3501ADCFE9ACCABFD3A24CD7A9712F6E6828E63F2D768DD8A437,data/reference_phy/metadata/000100.json,data/raw/packet_reference.txt,AF79F08533A645313F54B0A2ECC01832832ABBA15D9CFE93A2880FAF9CD36D61
101,101,0,101,40 44 33 22 11 00 01 00 58 65 00 72 5B E0 2D E3 E3 CA 9C E7 82 AF F0 82 4D 49 0A F6 A2 78 56 34 12,65 00 72 5B E0 2D E3 E3 CA 9C E7 82 AF F0 82 4D 49 0A F6 A2,33,12,125000,4,16,18,1,1,1000000,32768,10000,0,2770704,8,56,6000,data/reference_phy/reference/signalout_000101_fulltrim.cfile,reference/signalout_000101_fulltrim.cfile,E96484819E5D409553667D83F4AB0D85C95DB6CFA7E0666DEB8E2B1A27AAA81D,data/reference_phy/metadata/000101.json,data/raw/packet_reference.txt,AF79F08533A645313F54B0A2ECC01832832ABBA15D9CFE93A2880FAF9CD36D61
102,102,0,102,40 44 33 22 11 00 01 00 58 66 00 D6 9B 18 DF 99 4E 30 5E FB 2C D0 D0 6B BE 2E 36 9F 0F 78 56 34 12,66 00 D6 9B 18 DF 99 4E 30 5E FB 2C D0 D0 6B BE 2E 36 9F 0F,33,12,125000,4,16,18,1,1,1000000,32768,10000,0,2770704,8,56,6000,data/reference_phy/reference/signalout_000102_fulltrim.cfile,reference/signalout_000102_fulltrim.cfile,33D95F640146556DF69B52C0777C614B211DCBF1E7FB766F71A1D0AEA7E7DD45,data/reference_phy/metadata/000102.json,data/raw/packet_reference.txt,AF79F08533A645313F54B0A2ECC01832832ABBA15D9CFE93A2880FAF9CD36D61
103,103,0,103,40 44 33 22 11 00 01 00 58 67 00 6F B0 37 31 49 49 FE 60 C4 DC BD 1B E3 FE 9D B5 8E 31 78 56 34 12,67 00 6F B0 37 31 49 49 FE 60 C4 DC BD 1B E3 FE 9D B5 8E 31,33,12,125000,4,16,18,1,1,1000000,32768,10000,0,2770704,8,56,6000,data/reference_phy/reference/signalout_000103_fulltrim.cfile,reference/signalout_000103_fulltrim.cfile,AAF79AB1FB5BB8A7C9121B7E68A17411FA8504FA80181CA25D994E27CA279A4D,data/reference_phy/metadata/000103.json,data/raw/packet_reference.txt,AF79F08533A645313F54B0A2ECC01832832ABBA15D9CFE93A2880FAF9CD36D61
104,104,0,104,40 44 33 22 11 00 01 00 58 68 00 F0 85 27 DF CD B1 42 27 52 A6 08 40 BD 68 4E 68 87 12 78 56 34 12,68 00 F0 85 27 DF CD B1 42 27 52 A6 08 40 BD 68 4E 68 87 12,33,12,125000,4,16,18,1,1,1000000,32768,10000,0,2770704,8,56,6000,data/reference_phy/reference/signalout_000104_fulltrim.cfile,reference/signalout_000104_fulltrim.cfile,B2704E2E91D6D4F598CB67C23564627F03FF30B8F5B01EFB93EB96C6F7A9FC95,data/reference_phy/metadata/000104.json,data/raw/packet_reference.txt,AF79F08533A645313F54B0A2ECC01832832ABBA15D9CFE93A2880FAF9CD36D61
105,105,0,105,40 44 33 22 11 00 01 00 58 69 00 71 BE A0 DD D5 94 53 19 7D EB 54 95 1E F0 0C 2C E3 02 78 56 34 12,69 00 71 BE A0 DD D5 94 53 19 7D EB 54 95 1E F0 0C 2C E3 02,33,12,125000,4,16,18,1,1,1000000,32768,10000,0,2770704,8,56,6000,data/reference_phy/reference/signalout_000105_fulltrim.cfile,reference/signalout_000105_fulltrim.cfile,3F3AA6EE179BEEF85191D96000EA35C20EF764D77592563A7B96D2A5A70D5B8A,data/reference_phy/metadata/000105.json,data/raw/packet_reference.txt,AF79F08533A645313F54B0A2ECC01832832ABBA15D9CFE93A2880FAF9CD36D61
106,106,0,106,40 44 33 22 11 00 01 00 58 6A 00 89 65 8D E2 AC A9 57 E9 14 0C 95 B1 22 98 7C E0 A6 37 78 56 34 12,6A 00 89 65 8D E2 AC A9 57 E9 14 0C 95 B1 22 98 7C E0 A6 37,33,12,125000,4,16,18,1,1,1000000,32768,10000,0,2770704,8,56,6000,data/reference_phy/reference/signalout_000106_fulltrim.cfile,reference/signalout_000106_fulltrim.cfile,4B6D22D73C9B2DAA6EF7980A9C0397F8C277DF28547C0F43DA8754206DFBC203,data/reference_phy/metadata/000106.json,data/raw/packet_reference.txt,AF79F08533A645313F54B0A2ECC01832832ABBA15D9CFE93A2880FAF9CD36D61
107,107,0,107,40 44 33 22 11 00 01 00 58 6B 00 A1 41 8F 69 1F 2F 79 F8 73 9C F6 D0 1D D5 1E 6D 82 87 78 56 34 12,6B 00 A1 41 8F 69 1F 2F 79 F8 73 9C F6 D0 1D D5 1E 6D 82 87,33,12,125000,4,16,18,1,1,1000000,32768,10000,0,2770704,8,56,6000,data/reference_phy/reference/signalout_000107_fulltrim.cfile,reference/signalout_000107_fulltrim.cfile,7B560C7037A9B6A72D60CA831DBB5A4BE61D0B46B23EB3D4F26C9DCCE54E3AC9,data/reference_phy/metadata/000107.json,data/raw/packet_reference.txt,AF79F08533A645313F54B0A2ECC01832832ABBA15D9CFE93A2880FAF9CD36D61
108,108,0,108,40 44 33 22 11 00 01 00 58 6C 00 99 B3 80 62 52 7D 25 05 9C 90 23 40 98 56 66 86 FF 23 78 56 34 12,6C 00 99 B3 80 62 52 7D 25 05 9C 90 23 40 98 56 66 86 FF 23,33,12,125000,4,16,18,1,1,1000000,32768,10000,0,2770704,8,56,6000,data/reference_phy/reference/signalout_000108_fulltrim.cfile,reference/signalout_000108_fulltrim.cfile,A81AC76742E81B8B10AE6800A2EE91864CFC3C82D5FD1677B64CB2E3EAE0889F,data/reference_phy/metadata/000108.json,data/raw/packet_reference.txt,AF79F08533A645313F54B0A2ECC01832832ABBA15D9CFE93A2880FAF9CD36D61
109,109,0,109,40 44 33 22 11 00 01 00 58 6D 00 28 CD D6 A3 A9 3D AE 8F DA 30 C0 C9 9A 63 66 E7 8D 74 78 56 34 12,6D 00 28 CD D6 A3 A9 3D AE 8F DA 30 C0 C9 9A 63 66 E7 8D 74,33,12,125000,4,16,18,1,1,1000000,32768,10000,0,2770704,8,56,6000,data/reference_phy/reference/signalout_000109_fulltrim.cfile,reference/signalout_000109_fulltrim.cfile,FDE31A596C5B1BCAEA6C9E1EA795DF4ACBF2265FEE59B514F51284C5BF1F8EF7,data/reference_phy/metadata/000109.json,data/raw/packet_reference.txt,AF79F08533A645313F54B0A2ECC01832832ABBA15D9CFE93A2880FAF9CD36D61
110,110,0,110,40 44 33 22 11 00 01 00 58 6E 00 9C A0 A2 14 51 2C 77 97 80 B4 01 C8 30 3B 48 3C 9C FD 78 56 34 12,6E 00 9C A0 A2 14 51 2C 77 97 80 B4 01 C8 30 3B 48 3C 9C FD,33,12,125000,4,16,18,1,1,1000000,32768,10000,0,2770704,8,56,6000,data/reference_phy/reference/signalout_000110_fulltrim.cfile,reference/signalout_000110_fulltrim.cfile,441EA5274CE89D4336718EBC362652D8DFDA945DDA0DDDFFBE45E1B9364BAA6F,data/reference_phy/metadata/000110.json,data/raw/packet_reference.txt,AF79F08533A645313F54B0A2ECC01832832ABBA15D9CFE93A2880FAF9CD36D61
111,111,0,111,40 44 33 22 11 00 01 00 58 6F 00 1C CF 7B FE 32 F4 F6 BD 8E 35 D8 66 9E 0B AF CF F1 0D 78 56 34 12,6F 00 1C CF 7B FE 32 F4 F6 BD 8E 35 D8 66 9E 0B AF CF F1 0D,33,12,125000,4,16,18,1,1,1000000,32768,10000,0,2770704,8,56,6000,data/reference_phy/reference/signalout_000111_fulltrim.cfile,reference/signalout_000111_fulltrim.cfile,3DAC8D56F1E88B582744A05764DBCA2D0A0C02F5F734AB35150B41AC375616E3,data/reference_phy/metadata/000111.json,data/raw/packet_reference.txt,AF79F08533A645313F54B0A2ECC01832832ABBA15D9CFE93A2880FAF9CD36D61
112,112,0,112,40 44 33 22 11 00 01 00 58 70 00 48 13 68 7A BE 5D 0D AC AA 4D 32 C7 9A B7 06 0C 40 DC 78 56 34 12,70 00 48 13 68 7A BE 5D 0D AC AA 4D 32 C7 9A B7 06 0C 40 DC,33,12,125000,4,16,18,1,1,1000000,32768,10000,0,2770704,8,56,6000,data/reference_phy/reference/signalout_000112_fulltrim.cfile,reference/signalout_000112_fulltrim.cfile,30A3154CA26F656CB52DC52CA28289E76EE1C517DF182A4A2986BF4A30B3E248,data/reference_phy/metadata/000112.json,data/raw/packet_reference.txt,AF79F08533A645313F54B0A2ECC01832832ABBA15D9CFE93A2880FAF9CD36D61
113,113,0,113,40 44 33 22 11 00 01 00 58 71 00 3B 14 2A 69 86 23 AB 2F EF A1 8D E0 A9 02 EF 56 76 70 78 56 34 12,71 00 3B 14 2A 69 86 23 AB 2F EF A1 8D E0 A9 02 EF 56 76 70,33,12,125000,4,16,18,1,1,1000000,32768,10000,0,2770704,8,56,6000,data/reference_phy/reference/signalout_000113_fulltrim.cfile,reference/signalout_000113_fulltrim.cfile,3668796CB7CB4ADA9C87C83EA3EFC6031528B77F81D58824A1CB6CAAD5B09A38,data/reference_phy/metadata/000113.json,data/raw/packet_reference.txt,AF79F08533A645313F54B0A2ECC01832832ABBA15D9CFE93A2880FAF9CD36D61
114,114,0,114,40 44 33 22 11 00 01 00 58 72 00 C9 BC 48 72 25 D0 06 B7 7F 55 33 E2 C5 26 8E CB 20 48 78 56 34 12,72 00 C9 BC 48 72 25 D0 06 B7 7F 55 33 E2 C5 26 8E CB 20 48,33,12,125000,4,16,18,1,1,1000000,32768,10000,0,2770704,8,56,6000,data/reference_phy/reference/signalout_000114_fulltrim.cfile,reference/signalout_000114_fulltrim.cfile,A0D3EEA4313B64F46D78683D98B1AAD1E9CD673AE3C4EE183940951C3FD0CE88,data/reference_phy/metadata/000114.json,data/raw/packet_reference.txt,AF79F08533A645313F54B0A2ECC01832832ABBA15D9CFE93A2880FAF9CD36D61
115,115,0,115,40 44 33 22 11 00 01 00 58 73 00 22 6D 6C E3 8F B5 48 51 86 56 08 C4 AF 80 7D 61 F5 0C 78 56 34 12,73 00 22 6D 6C E3 8F B5 48 51 86 56 08 C4 AF 80 7D 61 F5 0C,33,12,125000,4,16,18,1,1,1000000,32768,10000,0,2770704,8,56,6000,data/reference_phy/reference/signalout_000115_fulltrim.cfile,reference/signalout_000115_fulltrim.cfile,86D39B2A02F9C83F63BA56A5270231832283B67CDEA2909455DBF5DB1963010A,data/reference_phy/metadata/000115.json,data/raw/packet_reference.txt,AF79F08533A645313F54B0A2ECC01832832ABBA15D9CFE93A2880FAF9CD36D61
116,116,0,116,40 44 33 22 11 00 01 00 58 74 00 A7 FD 4D 4C 45 C4 AD 2C 0D 85 14 A1 74 EF 1C 24 37 4B 78 56 34 12,74 00 A7 FD 4D 4C 45 C4 AD 2C 0D 85 14 A1 74 EF 1C 24 37 4B,33,12,125000,4,16,18,1,1,1000000,32768,10000,0,2770704,8,56,6000,data/reference_phy/reference/signalout_000116_fulltrim.cfile,reference/signalout_000116_fulltrim.cfile,76E24E4856036F8F6F38A0EA690766B7F4E218B9FEDD0E86B48CFE8D04A2FC36,data/reference_phy/metadata/000116.json,data/raw/packet_reference.txt,AF79F08533A645313F54B0A2ECC01832832ABBA15D9CFE93A2880FAF9CD36D61
117,117,0,117,40 44 33 22 11 00 01 00 58 75 00 42 C5 6C F4 86 61 72 F4 B2 4F 3D CD 59 7F 17 44 8C 33 78 56 34 12,75 00 42 C5 6C F4 86 61 72 F4 B2 4F 3D CD 59 7F 17 44 8C 33,33,12,125000,4,16,18,1,1,1000000,32768,10000,0,2770704,8,56,6000,data/reference_phy/reference/signalout_000117_fulltrim.cfile,reference/signalout_000117_fulltrim.cfile,4161674C9B2DF127D1C1A371192F36FF03C19828E56B1613C6CB7E890D823690,data/reference_phy/metadata/000117.json,data/raw/packet_reference.txt,AF79F08533A645313F54B0A2ECC01832832ABBA15D9CFE93A2880FAF9CD36D61
118,118,0,118,40 44 33 22 11 00 01 00 58 76 00 B1 CC 91 0F B9 5B DA 34 78 4B FD 6A B0 FB AD 5B 08 5F 78 56 34 12,76 00 B1 CC 91 0F B9 5B DA 34 78 4B FD 6A B0 FB AD 5B 08 5F,33,12,125000,4,16,18,1,1,1000000,32768,10000,0,2770704,8,56,6000,data/reference_phy/reference/signalout_000118_fulltrim.cfile,reference/signalout_000118_fulltrim.cfile,2A7514540CD1D2765898A6EE74EF32E42D34A98811A00F2BCD3D45BD7127DBCF,data/reference_phy/metadata/000118.json,data/raw/packet_reference.txt,AF79F08533A645313F54B0A2ECC01832832ABBA15D9CFE93A2880FAF9CD36D61
119,119,0,119,40 44 33 22 11 00 01 00 58 77 00 66 EE 2C 56 EF CF 9E 51 B3 3E D8 1F 13 1D B0 32 F7 55 78 56 34 12,77 00 66 EE 2C 56 EF CF 9E 51 B3 3E D8 1F 13 1D B0 32 F7 55,33,12,125000,4,16,18,1,1,1000000,32768,10000,0,2770704,8,56,6000,data/reference_phy/reference/signalout_000119_fulltrim.cfile,reference/signalout_000119_fulltrim.cfile,04E387BD941FDE28F39C72CD23FAC4C37A608480029CDCBEE99D71338CCB331D,data/reference_phy/metadata/000119.json,data/raw/packet_reference.txt,AF79F08533A645313F54B0A2ECC01832832ABBA15D9CFE93A2880FAF9CD36D61
